,index,Rk,Player,Squad,90s,SCA,SCA90,PassLive,PassDead,TO,Sh,Fld,Def,GCA,GCA90,PassLive.1,PassDead.1,TO.1,Sh.1,Fld.1,Def.1
0,0,1,Brenden Aaronson,Leeds United,26.4,95,3.60,57,17,7,5,8,1,7,0.27,3,1,0,1,1,1
1,1,2,George Abbott,Tottenham,0.0,0,0.00,0,0,0,0,0,0,0,0.00,0,0,0,0,0,0
2,2,3,Che Adams,Southampton,22.1,57,2.57,44,1,2,5,5,0,7,0.32,5,0,0,0,2,0
3,3,4,Tyler Adams,Leeds United,24.0,43,1.79,42,0,0,0,1,0,1,0.04,1,0,0,0,0,0
4,4,5,Tosin Adarabioyo,Fulham,23.2,18,0.78,15,0,0,3,0,0,0,0.00,0,0,0,0,0,0
5,5,6,Nayef Aguerd,West Ham,17.7,14,0.79,12,1,0,1,0,0,0,0.00,0,0,0,0,0,0
6,6,7,Naouirou Ahamada,Crystal Palace,1.0,2,1.91,1,0,0,1,0,0,0,0.00,0,0,0,0,0,0
7,7,8,Rayan Aït Nouri,Wolves,12.0,23,1.93,14,2,4,1,2,0,0,0.00,0,0,0,0,0,0
8,8,9,Kristoffer Ajer,Brentford,8.5,4,0.47,4,0,0,0,0,0,0,0.00,0,0,0,0,0,0
9,9,10,Manuel Akanji,Manchester City,25.4,23,0.91,22,0,0,1,0,0,0,0.00,0,0,0,0,0,0
10,10,11,Nathan Aké,Manchester City,20.8,24,1.15,20,1,0,2,0,1,2,0.10,2,0,0,0,0,0
11,11,12,Marc Albrighton,Leicester City,2.6,7,2.66,5,2,0,0,0,0,0,0.00,0,0,0,0,0,0
12,12,13,Thiago Alcántara,Liverpool,13.9,41,2.94,33,0,3,1,1,3,2,0.14,2,0,0,0,0,0
13,13,14,Carlos Alcaraz,Southampton,11.4,22,1.92,14,0,2,3,2,1,4,0.35,3,0,0,1,0,0
14,14,15,Trent Alexander-Arnold,Liverpool,32.5,124,3.82,81,34,3,5,1,0,17,0.52,14,2,1,0,0,0
15,15,16,Alisson,Liverpool,37.0,3,0.08,3,0,0,0,0,0,2,0.05,2,0,0,0,0,0
16,16,17,Dele Alli,Everton,0.4,0,0.00,0,0,0,0,0,0,0,0.00,0,0,0,0,0,0
17,17,18,Miguel Almirón,Newcastle Utd,27.7,87,3.14,63,2,10,9,3,0,13,0.47,5,1,5,2,0,0
18,18,19,Julián Álvarez,Manchester City,16.3,52,3.20,39,0,6,5,2,0,5,0.31,2,0,1,1,1,0
19,19,20,Daniel Amartey,Leicester City,17.9,15,0.84,15,0,0,0,0,0,1,0.06,1,0,0,0,0,0
20,20,21,Samuel Amo-Ameyaw,Southampton,0.0,1,22.50,1,0,0,0,0,0,0,0.00,0,0,0,0,0,0
21,21,22,Joachim Andersen,Crystal Palace,30.9,25,0.81,20,3,0,0,1,1,1,0.03,0,1,0,0,0,0
22,22,23,Elliot Anderson,Newcastle Utd,4.6,22,4.83,16,0,2,0,4,0,1,0.22,1,0,0,0,0,0
23,23,24,Jaidon Anthony,Bournemouth,14.0,38,2.72,28,3,4,1,1,1,4,0.29,2,0,1,0,1,0
24,24,25,Michail Antonio,West Ham,20.3,39,1.92,24,0,6,4,5,0,9,0.44,6,0,2,1,0,0
25,26,26,Antony,Manchester Utd,20.0,74,3.69,61,0,5,3,4,1,7,0.35,6,0,1,0,0,0
26,27,27,Cameron Archer,Aston Villa,0.5,0,0.00,0,0,0,0,0,0,0,0.00,0,0,0,0,0,0
27,28,28,Alphonse Areola,West Ham,3.4,0,0.00,0,0,0,0,0,0,0,0.00,0,0,0,0,0,0
28,29,29,Joe Aribo,Southampton,13.6,27,1.99,23,0,1,1,1,1,2,0.15,1,0,1,0,0,0
29,30,30,Adam Armstrong,Southampton,14.8,24,1.62,19,0,2,1,1,1,2,0.13,1,0,0,0,0,1
30,31,31,Stuart Armstrong,Southampton,15.6,50,3.20,39,1,0,6,4,0,2,0.13,1,0,0,0,1,0
31,32,32,Kepa Arrizabalaga,Chelsea,28.5,1,0.04,1,0,0,0,0,0,0,0.00,0,0,0,0,0,0
32,33,33,Pierre-Emerick Aubameyang,Chelsea,6.2,8,1.30,6,0,0,2,0,0,0,0.00,0,0,0,0,0,0
33,34,34,Ludwig Augustinsson,Aston Villa,0.9,0,0.00,0,0,0,0,0,0,0,0.00,0,0,0,0,0,0
34,35,35,Serge Aurier,Nott'ham Forest,21.6,26,1.20,21,2,0,0,2,1,1,0.05,0,1,0,0,0,0
35,36,36,Taiwo Awoniyi,Nott'ham Forest,15.6,25,1.60,18,0,2,2,2,1,4,0.26,2,0,1,1,0,0
36,37,37,Yasin Ayari,Brighton,0.7,4,5.37,3,0,0,0,1,0,0,0.00,0,0,0,0,0,0
37,38,38,André Ayew,Nott'ham Forest,3.5,3,0.86,2,1,0,0,0,0,0,0.00,0,0,0,0,0,0
38,39,39,Jordan Ayew,Crystal Palace,30.2,78,2.59,53,0,9,6,7,3,8,0.27,5,0,1,1,1,0
39,40,40,Luke Ayling,Leeds United,22.8,40,1.75,33,0,0,3,2,2,1,0.04,1,0,0,0,0,0
40,41,41,César Azpilicueta,Chelsea,17.0,25,1.47,25,0,0,0,0,0,1,0.06,1,0,0,0,0,0
41,42,42,Benoît Badiashile,Chelsea,10.1,12,1.19,11,0,0,0,0,1,0,0.00,0,0,0,0,0,0
42,43,43,Leon Bailey,Aston Villa,21.9,62,2.84,40,2,10,7,3,0,8,0.37,5,0,0,3,0,0
43,44,44,Stefan Bajcetic,Liverpool,5.8,13,2.22,8,1,2,0,2,0,1,0.17,0,0,1,0,0,0
44,45,45,Dominic Ballard,Southampton,0.3,0,0.00,0,0,0,0,0,0,0,0.00,0,0,0,0,0,0
45,46,46,Patrick Bamford,Leeds United,16.8,27,1.60,17,0,1,5,3,1,6,0.36,4,0,1,1,0,0
46,47,47,Shandon Baptiste,Brentford,6.9,18,2.63,11,1,2,2,2,0,4,0.58,3,0,0,0,1,0
47,48,48,Harvey Barnes,Leicester City,30.1,63,2.09,43,0,3,9,7,1,14,0.46,8,0,1,2,2,1
48,49,49,Gavin Bazunu,Southampton,32.0,7,0.22,5,2,0,0,0,0,0,0.00,0,0,0,0,0,0
49,50,50,Mads Bech Sørensen,Brentford,0.2,1,4.29,1,0,0,0,0,0,0,0.00,0,0,0,0,0,0
50,52,51,Jan Bednarek,Southampton,18.6,7,0.38,5,1,0,1,0,0,0,0.00,0,0,0,0,0,0
51,53,52,Jan Bednarek,Aston Villa,1.1,0,0.00,0,0,0,0,0,0,0,0.00,0,0,0,0,0,0
52,54,53,Donny van de Beek,Manchester Utd,1.9,6,3.23,6,0,0,0,0,0,0,0.00,0,0,0,0,0,0
53,55,54,Asmir Begović,Everton,1.0,0,0.00,0,0,0,0,0,0,0,0.00,0,0,0,0,0,0
54,56,55,Armel Bella Kotchap,Southampton,20.9,14,0.67,7,0,1,3,2,1,2,0.10,1,0,0,1,0,0
55,57,56,Saïd Benrahma,West Ham,23.0,92,4.00,68,2,11,8,3,0,5,0.22,4,0,1,0,0,0
56,58,57,Rodrigo Bentancur,Tottenham,16.7,34,2.04,27,0,1,2,1,3,5,0.30,2,0,0,1,0,2
57,59,58,Daniel Bentley,Wolves,2.0,0,0.00,0,0,0,0,0,0,0,0.00,0,0,0,0,0,0
58,60,59,Victor Bernth Kristiansen,Leicester City,9.9,14,1.41,9,4,0,1,0,0,3,0.30,3,0,0,0,0,0
59,61,60,Owen Bevan,Bournemouth,0.1,0,0.00,0,0,0,0,0,0,0,0.00,0,0,0,0,0,0
60,62,61,Giulian Biancone,Nott'ham Forest,0.2,1,5.29,1,0,0,0,0,0,0,0.00,0,0,0,0,0,0
61,63,62,Philip Billing,Bournemouth,30.7,54,1.76,41,2,5,5,1,0,6,0.20,4,0,0,2,0,0
62,64,63,Yves Bissouma,Tottenham,11.2,29,2.58,24,0,1,1,1,2,1,0.09,1,0,0,0,0,0
63,65,64,Willy Boly,Nott'ham Forest,7.6,5,0.66,5,0,0,0,0,0,1,0.13,1,0,0,0,0,0
64,66,65,Sven Botman,Newcastle Utd,34.7,24,0.69,18,1,0,5,0,0,1,0.03,0,0,0,1,0,0
65,67,66,Jarrod Bowen,West Ham,35.9,108,3.01,58,15,10,13,10,2,14,0.39,6,3,0,2,3,0
66,68,67,James Bree,Southampton,4.1,6,1.47,6,0,0,0,0,0,0,0.00,0,0,0,0,0,0
67,69,68,Armando Broja,Chelsea,3.3,4,1.22,2,0,0,0,2,0,2,0.61,1,0,0,0,1,0
68,70,69,David Brooks,Bournemouth,1.9,8,4.19,5,0,1,1,1,0,0,0.00,0,0,0,0,0,0
69,71,70,Lewis Brunt,Leicester City,0.3,0,0.00,0,0,0,0,0,0,0,0.00,0,0,0,0,0,0
70,72,71,Emi Buendía,Aston Villa,26.8,90,3.36,72,2,8,3,4,1,10,0.37,7,0,1,2,0,0
71,73,72,Hugo Bueno,Wolves,14.6,30,2.06,22,7,0,1,0,0,1,0.07,1,0,0,0,0,0
72,74,73,Facundo Buonanotte,Brighton,6.3,14,2.23,12,0,2,0,0,0,1,0.16,1,0,0,0,0,0
73,75,74,Dan Burn,Newcastle Utd,34.6,40,1.16,35,2,0,3,0,0,3,0.09,3,0,0,0,0,0
74,76,75,Cafú,Nott'ham Forest,0.1,0,0.00,0,0,0,0,0,0,0,0.00,0,0,0,0,0,0
75,78,76,Moisés Caicedo,Brighton,34.9,88,2.52,81,0,2,3,1,1,5,0.14,5,0,0,0,0,0
76,79,77,Tom Cairney,Fulham,11.0,45,4.10,35,4,1,2,2,1,3,0.27,3,0,0,0,0,0
77,80,78,Duje Ćaleta-Car,Southampton,10.5,6,0.57,6,0,0,0,0,0,0,0.00,0,0,0,0,0,0
78,81,79,Dominic Calvert-Lewin,Everton,12.9,24,1.85,16,0,5,1,2,0,4,0.31,2,0,1,0,1,0
79,82,80,Chem Campbell,Wolves,0.8,2,2.43,1,0,1,0,0,0,0,0.00,0,0,0,0,0,0
80,83,81,João Cancelo,Manchester City,14.2,39,2.76,30,0,2,5,1,1,6,0.42,5,0,1,0,0,0
81,84,82,Thomas Cannon,Everton,0.3,0,0.00,0,0,0,0,0,0,0,0.00,0,0,0,0,0,0
82,85,83,Sergi Canós,Brentford,0.9,3,3.51,2,0,0,0,1,0,0,0.00,0,0,0,0,0,0
83,86,84,Diego Carlos,Aston Villa,2.3,3,1.32,2,0,0,1,0,0,0,0.00,0,0,0,0,0,0
84,87,85,Fabio Carvalho,Liverpool,3.9,9,2.33,5,0,0,2,2,0,2,0.52,1,0,0,1,0,0
85,88,86,Casemiro,Manchester Utd,23.6,68,2.88,61,0,0,5,2,0,8,0.34,8,0,0,0,0,0
86,89,87,Matty Cash,Aston Villa,20.2,28,1.38,25,0,1,0,1,1,3,0.15,2,0,0,0,0,1
87,90,88,Timothy Castagne,Leicester City,36.2,51,1.41,44,2,1,2,1,1,5,0.14,4,0,0,1,0,0
88,91,89,Jonny Castro,Wolves,14.0,24,1.71,20,0,0,0,3,1,1,0.07,1,0,0,0,0,0
89,92,90,Julio César Enciso,Brighton,9.0,45,5.02,28,0,9,6,2,0,7,0.78,3,0,2,1,1,0
90,93,91,Nathaniel Chalobah,Fulham,0.1,0,0.00,0,0,0,0,0,0,0,0.00,0,0,0,0,0,0
91,94,92,Trevoh Chalobah,Chelsea,17.9,16,0.90,11,0,1,2,2,0,3,0.17,3,0,0,0,0,0
92,95,93,Calum Chambers,Aston Villa,3.9,6,1.53,5,0,0,0,0,1,0,0.00,0,0,0,0,0,0
93,96,94,Shea Charles,Manchester City,0.3,0,0.00,0,0,0,0,0,0,0,0.00,0,0,0,0,0,0
94,97,95,Ben Chilwell,Chelsea,15.6,39,2.49,19,17,0,1,2,0,4,0.26,2,1,0,0,1,0
95,98,96,Ryan Christie,Bournemouth,20.4,66,3.24,48,5,5,5,3,0,4,0.20,3,0,0,1,0,0
96,99,97,Carney Chukwuemeka,Chelsea,3.9,16,4.07,13,0,0,1,0,2,0,0.00,0,0,0,0,0,0
97,100,98,Bobby Clark,Liverpool,0.1,0,0.00,0,0,0,0,0,0,0,0.00,0,0,0,0,0,0
98,101,99,Nathaniel Clyne,Crystal Palace,18.2,18,0.99,16,1,0,0,1,0,0,0.00,0,0,0,0,0,0
99,102,100,Conor Coady,Everton,23.3,17,0.73,15,0,0,1,1,0,1,0.04,1,0,0,0,0,0
100,104,101,Jack Colback,Nott'ham Forest,5.5,3,0.54,3,0,0,0,0,0,0,0.00,0,0,0,0,0,0
101,105,102,Séamus Coleman,Everton,18.4,21,1.14,15,1,1,1,3,0,2,0.11,2,0,0,0,0,0
102,106,103,Nathan Collins,Wolves,20.2,11,0.55,8,0,1,0,2,0,0,0.00,0,0,0,0,0,0
103,107,104,Levi Colwill,Brighton,13.6,18,1.33,16,1,0,1,0,0,2,0.15,2,0,0,0,0,0
104,108,105,Lewis Cook,Bournemouth,19.1,39,2.04,27,8,0,0,1,3,4,0.21,2,1,0,0,0,1
105,109,106,Steve Cook,Nott'ham Forest,10.6,6,0.56,6,0,0,0,0,0,0,0.00,0,0,0,0,0,0
106,110,107,Liam Cooper,Leeds United,15.8,16,1.01,13,1,0,2,0,0,3,0.19,3,0,0,0,0,0
107,111,108,Maxwel Cornet,West Ham,2.7,6,2.23,4,0,1,0,0,1,0,0.00,0,0,0,0,0,0
108,112,109,Diego Costa,Wolves,13.8,23,1.67,15,0,3,3,2,0,1,0.07,1,0,0,0,0,0
109,113,110,Vladimír Coufal,West Ham,23.7,52,2.19,36,13,0,1,2,0,3,0.13,2,1,0,0,0,0
110,114,111,Philippe Coutinho,Aston Villa,8.8,24,2.74,19,1,3,1,0,0,0,0.00,0,0,0,0,0,0
111,115,112,Conor Coventry,West Ham,0.0,0,0.00,0,0,0,0,0,0,0,0.00,0,0,0,0,0,0
112,116,113,Matthew Craig,Tottenham,0.2,0,0.00,0,0,0,0,0,0,0,0.00,0,0,0,0,0,0
113,117,114,Aaron Cresswell,West Ham,24.8,73,2.94,43,27,0,2,1,0,1,0.04,0,1,0,0,0,0
114,118,115,Marc Cucurella,Chelsea,18.6,27,1.46,21,6,0,0,0,0,3,0.16,2,1,0,0,0,0
115,119,116,Matheus Cunha,Wolves,10.7,21,1.96,16,1,1,1,2,0,0,0.00,0,0,0,0,0,0
116,120,117,Patson Daka,Leicester City,13.2,28,2.12,19,1,1,5,2,0,7,0.53,4,0,1,2,0,0
117,121,118,Diogo Dalot,Manchester Utd,23.9,52,2.17,48,0,1,2,0,1,2,0.08,2,0,0,0,0,0
118,122,119,Mikkel Damsgaard,Brentford,11.0,25,2.28,20,3,0,1,1,0,2,0.18,2,0,0,0,0,0
119,123,120,Danilo,Nott'ham Forest,10.8,23,2.12,17,1,3,1,1,0,6,0.55,5,0,1,0,0,0
120,124,121,Arnaut Danjuma,Tottenham,1.9,4,2.13,4,0,0,0,0,0,0,0.00,0,0,0,0,0,0
121,125,122,Josh Dasilva,Brentford,15.4,42,2.72,36,1,3,1,1,0,7,0.45,5,0,1,0,1,0
122,126,123,Ben Davies,Tottenham,25.4,37,1.46,33,1,0,3,0,0,7,0.28,5,0,0,2,0,0
123,127,124,Tom Davies,Everton,6.0,6,1.00,5,0,0,1,0,0,0,0.00,0,0,0,0,0,0
124,128,125,Craig Dawson,West Ham,8.0,12,1.50,10,0,0,1,1,0,1,0.12,0,0,0,0,1,0
125,130,126,Craig Dawson,Wolves,15.7,6,0.38,6,0,0,0,0,0,0,0.00,0,0,0,0,0,0
126,131,127,Kevin De Bruyne,Manchester City,26.9,176,6.55,120,33,8,7,5,3,31,1.15,24,3,1,1,2,0
127,132,128,Siriki Dembélé,Bournemouth,1.2,5,4.09,5,0,0,0,0,0,0,0.00,0,0,0,0,0,0
128,133,129,Leander Dendoncker,Aston Villa,7.7,8,1.03,6,0,0,1,0,1,0,0.00,0,0,0,0,0,0
129,134,130,Leander Dendoncker,Wolves,2.4,4,1.68,3,0,0,0,0,1,0,0.00,0,0,0,0,0,0
130,135,131,Emmanuel Dennis,Nott'ham Forest,8.0,25,3.12,14,1,2,2,6,0,3,0.37,2,0,0,0,1,0
131,136,132,Halil Dervişoğlu,Brentford,0.1,1,11.25,0,0,0,1,0,0,1,11.25,0,0,0,1,0,0
132,137,133,Kiernan Dewsbury-Hall,Leicester City,25.6,78,3.04,61,0,8,2,5,2,9,0.35,6,0,1,0,1,1
133,138,134,Ibrahima Diallo,Southampton,9.1,10,1.10,8,0,1,0,0,1,0,0.00,0,0,0,0,0,0
134,139,135,Rúben Dias,Manchester City,22.2,15,0.68,11,1,0,3,0,0,1,0.05,1,0,0,0,0,0
135,140,136,Luis Díaz,Liverpool,11.1,41,3.70,29,0,7,3,2,0,6,0.54,3,0,2,1,0,0
136,141,137,Eric Dier,Tottenham,31.3,29,0.93,24,1,0,4,0,0,2,0.06,1,0,0,1,0,0
137,142,138,Lucas Digne,Aston Villa,16.7,29,1.74,24,4,0,0,1,0,0,0.00,0,0,0,0,0,0
138,143,139,Issa Diop,Fulham,22.4,9,0.40,9,0,0,0,0,0,0,0.00,0,0,0,0,0,0
139,144,140,Moussa Djenepo,Southampton,7.9,17,2.15,12,0,2,1,2,0,4,0.51,2,0,2,0,0,0
140,145,141,Ben Doak,Liverpool,0.3,0,0.00,0,0,0,0,0,0,0,0.00,0,0,0,0,0,0
141,146,142,Matt Doherty,Tottenham,7.4,18,2.43,13,0,2,2,1,0,3,0.41,2,0,0,1,0,0
142,147,143,Gabriel Dos Santos,Arsenal,37.9,24,0.63,21,0,0,2,0,1,2,0.05,2,0,0,0,0,0
143,148,144,Abdoulaye Doucouré,Everton,17.0,45,2.65,38,0,3,2,0,2,3,0.18,3,0,0,0,0,0
144,149,145,Cheick Doucouré,Crystal Palace,30.8,61,1.98,48,0,2,5,2,4,6,0.20,4,0,0,1,0,1
145,150,146,Flynn Downes,West Ham,8.5,13,1.54,8,0,0,3,2,0,0,0.00,0,0,0,0,0,0
146,151,147,Kami Doyle,Southampton,0.1,0,0.00,0,0,0,0,0,0,0,0.00,0,0,0,0,0,0
147,152,148,Cody Drameh,Leeds United,0.8,1,1.30,1,0,0,0,0,0,0,0.00,0,0,0,0,0,0
148,153,149,Martin Dúbravka,Newcastle Utd,1.7,0,0.00,0,0,0,0,0,0,0,0.00,0,0,0,0,0,0
149,154,150,Shane Duffy,Fulham,0.2,0,0.00,0,0,0,0,0,0,0,0.00,0,0,0,0,0,0
150,156,151,Lewis Dunk,Brighton,36.0,32,0.89,31,0,0,1,0,0,2,0.06,2,0,0,0,0,0
151,157,152,Jhon Durán,Aston Villa,1.5,5,3.31,3,0,0,1,0,1,0,0.00,0,0,0,0,0,0
152,158,153,Malcolm Ebiowei,Crystal Palace,0.4,1,2.65,1,0,0,0,0,0,0,0.00,0,0,0,0,0,0
153,159,154,Ederson,Manchester City,35.0,2,0.06,2,0,0,0,0,0,1,0.03,1,0,0,0,0,0
154,160,155,Odsonne Édouard,Crystal Palace,20.0,44,2.20,32,0,1,9,2,0,4,0.20,4,0,0,0,0,0
155,161,156,Samuel Edozie,Southampton,6.3,20,3.18,13,0,3,0,4,0,0,0.00,0,0,0,0,0,0
156,162,157,Anthony Elanga,Manchester Utd,4.7,17,3.59,13,0,0,3,1,0,1,0.21,1,0,0,0,0,0
157,163,158,Harvey Elliott,Liverpool,17.9,75,4.19,62,1,5,5,1,1,10,0.56,10,0,0,0,0,0
158,164,159,Mohamed Elneny,Arsenal,1.3,0,0.00,0,0,0,0,0,0,0,0.00,0,0,0,0,0,0
159,165,160,Mohamed Elyounoussi,Southampton,24.1,41,1.70,34,0,1,2,3,1,4,0.17,4,0,0,0,0,0
160,166,161,Emerson,Tottenham,19.3,36,1.87,32,0,0,1,2,1,2,0.10,2,0,0,0,0,0
161,167,162,Christian Eriksen,Manchester Utd,22.8,71,3.12,50,17,1,3,0,0,9,0.40,6,3,0,0,0,0
162,168,163,Pervis Estupiñán,Brighton,29.7,87,2.93,78,4,3,0,2,0,8,0.27,7,0,0,0,1,0
163,169,164,Jonny Evans,Leicester City,11.7,4,0.34,4,0,0,0,0,0,0,0.00,0,0,0,0,0,0
164,170,165,Eberechi Eze,Crystal Palace,29.3,118,4.03,69,21,11,4,11,2,16,0.55,9,1,5,0,1,0
165,171,166,Łukasz Fabiański,West Ham,34.6,2,0.06,0,2,0,0,0,0,0,0.00,0,0,0,0,0,0
166,172,167,Fabinho,Liverpool,29.7,55,1.85,49,0,0,1,2,3,8,0.27,7,0,0,0,1,0
167,173,168,Wout Faes,Leicester City,31.0,22,0.71,16,0,1,3,0,2,4,0.13,3,0,0,0,0,1
168,174,169,Felipe,Nott'ham Forest,15.8,15,0.95,10,0,0,4,1,0,1,0.06,1,0,0,0,0,0
169,175,170,João Félix,Chelsea,10.5,31,2.96,13,2,6,4,6,0,1,0.10,1,0,0,0,0,0
170,176,171,Evan Ferguson,Brighton,10.6,22,2.08,15,0,1,6,0,0,2,0.19,2,0,0,0,0,0
171,177,172,Bruno Fernandes,Manchester Utd,36.8,219,5.94,164,26,8,12,9,0,18,0.49,16,0,0,1,1,0
172,178,173,Enzo Fernández,Chelsea,17.2,59,3.43,49,6,0,2,2,0,6,0.35,6,0,0,0,0,0
173,179,174,Roberto Firmino,Liverpool,13.5,46,3.41,36,0,4,6,0,0,7,0.52,4,0,1,2,0,0
174,180,175,Junior Firpo,Leeds United,15.2,21,1.38,15,2,0,0,3,1,2,0.13,2,0,0,0,0,0
175,182,176,Phil Foden,Manchester City,20.5,99,4.83,76,9,6,5,3,0,14,0.68,10,0,3,0,1,0
176,183,177,Datro Fofana,Chelsea,0.8,6,7.71,2,0,4,0,0,0,0,0.00,0,0,0,0,0,0
177,184,178,Wesley Fofana,Leicester City,2.0,2,1.00,1,0,0,0,0,1,0,0.00,0,0,0,0,0,0
178,185,179,Wesley Fofana,Chelsea,13.1,13,0.99,13,0,0,0,0,0,2,0.15,2,0,0,0,0,0
179,186,180,Pablo Fornals,West Ham,16.7,57,3.41,48,4,1,3,0,1,3,0.18,2,0,1,0,0,0
180,187,181,Adam Forshaw,Leeds United,5.3,16,3.00,10,6,0,0,0,0,0,0.00,0,0,0,0,0,0
181,188,182,Fraser Forster,Tottenham,13.5,0,0.00,0,0,0,0,0,0,0,0.00,0,0,0,0,0,0
182,189,183,Tyrese Francois,Fulham,0.0,0,0.00,0,0,0,0,0,0,0,0.00,0,0,0,0,0,0
183,190,184,Ryan Fraser,Newcastle Utd,3.5,8,2.30,6,1,0,1,0,0,0,0.00,0,0,0,0,0,0
184,191,185,Fred,Manchester Utd,13.9,59,4.25,49,0,1,4,3,2,4,0.29,3,0,0,1,0,0
185,192,186,Ryan Fredericks,Bournemouth,5.9,5,0.84,4,0,1,0,0,0,1,0.17,1,0,0,0,0,0
186,193,187,Remo Freuler,Nott'ham Forest,24.0,29,1.21,27,1,0,1,0,0,0,0.00,0,0,0,0,0,0
187,194,188,Cody Gakpo,Liverpool,16.2,49,3.02,37,0,3,4,3,2,6,0.37,5,0,0,0,1,0
188,195,189,Conor Gallagher,Chelsea,18.0,47,2.61,34,4,4,2,2,1,3,0.17,2,0,1,0,0,0
189,196,190,Idrissa Gana Gueye,Everton,28.6,51,1.78,36,0,1,2,7,5,3,0.10,2,0,0,0,0,1
190,197,191,Alejandro Garnacho,Manchester Utd,6.3,22,3.48,17,0,3,1,1,0,6,0.95,5,0,1,0,0,0
191,198,192,James Garner,Everton,8.9,19,2.13,13,3,1,1,1,0,2,0.22,2,0,0,0,0,0
192,199,193,David de Gea,Manchester Utd,38.0,5,0.13,3,2,0,0,0,0,0,0.00,0,0,0,0,0,0
193,200,194,Joe Gelhardt,Leeds United,2.4,4,1.70,4,0,0,0,0,0,2,0.85,2,0,0,0,0,0
194,201,195,Saman Ghoddos,Brentford,1.5,4,2.57,1,2,0,1,0,0,0,0.00,0,0,0,0,0,0
195,202,196,Morgan Gibbs-White,Wolves,2.0,4,2.00,2,1,1,0,0,0,0,0.00,0,0,0,0,0,0
196,203,197,Morgan Gibbs-White,Nott'ham Forest,33.0,119,3.60,72,27,9,6,2,3,12,0.36,6,3,1,2,0,0
197,204,198,Bryan Gil,Tottenham,1.6,5,3.04,4,0,1,0,0,0,3,1.82,3,0,0,0,0,0
198,205,199,Billy Gilmour,Brighton,5.6,14,2.48,12,0,0,0,1,1,3,0.53,3,0,0,0,0,0
199,206,200,Degnand Gnonto,Leeds United,15.0,50,3.32,30,3,4,4,8,1,7,0.47,6,1,0,0,0,0
200,208,201,Ben Godfrey,Everton,8.9,4,0.45,4,0,0,0,0,0,2,0.22,2,0,0,0,0,0
201,209,202,João Gomes,Wolves,7.3,14,1.93,9,0,1,2,2,0,2,0.28,1,0,0,1,0,0
202,210,203,Toti Gomes,Wolves,10.9,9,0.82,9,0,0,0,0,0,1,0.09,1,0,0,0,0,0
203,211,204,Joe Gomez,Liverpool,16.3,18,1.11,15,1,0,1,0,1,1,0.06,1,0,0,0,0,0
204,212,205,Sergio Gómez,Manchester City,3.9,7,1.81,6,1,0,0,0,0,1,0.26,1,0,0,0,0,0
205,213,206,Anthony Gordon,Newcastle Utd,5.4,16,2.96,10,1,1,1,2,1,1,0.18,1,0,0,0,0,0
206,214,207,Anthony Gordon,Everton,12.2,23,1.89,13,0,1,6,1,2,0,0.00,0,0,0,0,0,0
207,215,208,Demarai Gray,Everton,27.9,94,3.37,41,25,4,11,10,3,5,0.18,3,2,0,0,0,0
208,216,209,Jack Grealish,Manchester City,22.8,104,4.55,71,7,6,6,13,1,20,0.88,14,1,0,1,3,1
209,217,210,Sam Greenwood,Leeds United,4.7,24,5.11,5,18,0,1,0,0,3,0.64,0,2,0,1,0,0
210,218,211,Pascal Groß,Brighton,36.0,138,3.83,90,40,1,5,1,1,12,0.33,10,2,0,0,0,0
211,219,212,Vicente Guaita,Crystal Palace,27.0,1,0.04,1,0,0,0,0,0,0,0.00,0,0,0,0,0,0
212,220,213,Gonçalo Guedes,Wolves,7.9,27,3.44,15,3,1,2,5,1,1,0.13,1,0,0,0,0,0
213,221,214,Marc Guéhi,Crystal Palace,37.0,29,0.78,23,1,0,3,1,1,1,0.03,1,0,0,0,0,0
214,222,215,Bruno Guimarães,Newcastle Utd,30.3,110,3.63,92,1,3,1,11,2,12,0.40,11,0,0,0,0,1
215,223,216,İlkay Gündoğan,Manchester City,26.1,90,3.44,71,7,2,4,4,2,17,0.65,13,1,0,1,2,0
216,224,217,Darko Gyabi,Leeds United,0.1,0,0.00,0,0,0,0,0,0,0,0.00,0,0,0,0,0,0
217,225,218,Erling Haaland,Manchester City,30.8,72,2.34,48,0,5,10,8,1,17,0.55,14,0,0,1,2,0
218,226,219,Lewis Hall,Chelsea,7.3,26,3.58,14,6,2,2,2,0,0,0.00,0,0,0,0,0,0
219,227,220,Luke Harris,Fulham,0.1,0,0.00,0,0,0,0,0,0,0,0.00,0,0,0,0,0,0
220,228,221,Jack Harrison,Leeds United,30.1,114,3.79,68,27,7,5,5,2,9,0.30,6,1,1,1,0,0
221,229,222,Kai Havertz,Chelsea,28.5,63,2.21,54,2,1,5,1,0,4,0.14,3,0,0,1,0,0
222,230,223,Jan Paul van Hecke,Brighton,3.3,2,0.61,2,0,0,0,0,0,0,0.00,0,0,0,0,0,0
223,231,224,Hwang Hee-chan,Wolves,12.6,30,2.39,25,0,2,1,2,0,2,0.16,2,0,0,0,0,0
224,232,225,Dean Henderson,Nott'ham Forest,18.0,3,0.17,3,0,0,0,0,0,0,0.00,0,0,0,0,0,0
225,234,226,Jordan Henderson,Liverpool,23.0,72,3.13,65,1,0,3,1,2,7,0.30,5,0,0,1,1,0
226,235,227,Wayne Hennessey,Nott'ham Forest,3.0,0,0.00,0,0,0,0,0,0,0,0.00,0,0,0,0,0,0
227,236,228,Rico Henry,Brentford,36.0,51,1.42,43,1,1,2,2,2,5,0.14,4,0,0,0,1,0
228,237,229,Son Heung-min,Tottenham,32.1,122,3.80,74,27,7,10,4,0,13,0.40,8,3,2,0,0,0
229,238,230,Aaron Hickey,Brentford,21.3,20,0.94,14,1,1,2,2,0,2,0.09,1,0,0,1,0,0
230,239,231,Jack Hinshelwood,Brighton,0.0,0,0.00,0,0,0,0,0,0,0,0.00,0,0,0,0,0,0
231,240,232,Joseph Hodge,Wolves,1.9,2,1.02,2,0,0,0,0,0,0,0.00,0,0,0,0,0,0
232,241,233,Rob Holding,Arsenal,6.3,6,0.95,4,0,1,1,0,0,0,0.00,0,0,0,0,0,0
233,242,234,Mason Holgate,Everton,5.6,11,1.95,8,2,0,1,0,0,2,0.36,2,0,0,0,0,0
234,243,235,Will Hughes,Crystal Palace,9.4,17,1.82,12,2,0,2,1,0,1,0.11,0,0,0,1,0,0
235,244,236,Omari Hutchinson,Chelsea,0.3,1,3.91,1,0,0,0,0,0,0,0.00,0,0,0,0,0,0
236,245,237,Pierre Højbjerg,Tottenham,34.8,97,2.79,89,0,2,2,1,3,14,0.40,14,0,0,0,0,0
237,246,238,Kelechi Iheanacho,Leicester City,12.5,45,3.59,33,1,4,5,2,0,6,0.48,6,0,0,0,0,0
238,247,239,Danny Ings,West Ham,8.6,12,1.40,11,0,1,0,0,0,3,0.35,3,0,0,0,0,0
239,248,240,Danny Ings,Aston Villa,9.2,16,1.75,12,0,2,2,0,0,1,0.11,0,0,1,0,0,0
240,249,241,Alexander Isak,Newcastle Utd,16.9,49,2.90,29,0,5,11,3,1,5,0.30,1,0,2,1,1,0
241,250,242,Daniel Iversen,Leicester City,12.0,1,0.08,1,0,0,0,0,0,0,0.00,0,0,0,0,0,0
242,251,243,Alex Iwobi,Everton,37.5,120,3.20,91,9,8,7,3,2,9,0.24,8,0,0,0,1,0
243,252,244,Daniel James,Leeds United,2.2,4,1.82,3,0,0,0,1,0,0,0.00,0,0,0,0,0,0
244,253,245,Daniel James,Fulham,6.9,11,1.59,10,0,0,0,1,0,0,0.00,0,0,0,0,0,0
245,254,246,Reece James,Chelsea,13.8,47,3.40,36,5,3,2,1,0,3,0.22,2,0,0,0,1,0
246,255,247,Vitaly Janelt,Brentford,24.5,47,1.91,39,1,2,3,0,2,4,0.16,4,0,0,0,0,0
247,256,248,Pontus Jansson,Brentford,8.0,2,0.25,1,0,0,1,0,0,1,0.12,1,0,0,0,0,0
248,257,249,Mathias Jensen,Brentford,31.1,103,3.31,48,47,1,3,3,1,13,0.42,7,4,0,1,0,1
249,258,250,Gabriel Jesus,Arsenal,22.9,83,3.62,43,1,12,11,13,3,12,0.52,8,0,1,1,2,0
250,260,251,Raúl Jiménez,Wolves,9.4,18,1.92,12,0,1,3,2,0,2,0.21,1,0,0,1,0,0
251,261,252,Joelinton,Newcastle Utd,29.6,80,2.71,54,1,9,8,7,1,10,0.34,4,1,2,2,1,0
252,262,253,Ben Johnson,West Ham,9.6,8,0.83,7,0,1,0,0,0,0,0.00,0,0,0,0,0,0
253,263,254,Brennan Johnson,Nott'ham Forest,32.6,55,1.69,36,0,6,7,5,1,11,0.34,5,0,1,3,2,0
254,264,255,Sam Johnstone,Crystal Palace,9.0,0,0.00,0,0,0,0,0,0,0,0.00,0,0,0,0,0,0
255,265,256,Curtis Jones,Liverpool,11.5,38,3.30,31,0,4,1,1,1,4,0.35,3,0,1,0,0,0
256,266,257,Jorginho,Arsenal,9.5,21,2.21,19,0,0,0,0,2,5,0.53,4,0,0,0,0,1
257,267,258,Jorginho,Chelsea,14.2,29,2.04,29,0,0,0,0,0,2,0.14,2,0,0,0,0,0
258,268,259,Mateo Joseph,Leeds United,0.3,0,0.00,0,0,0,0,0,0,0,0.00,0,0,0,0,0,0
259,269,260,Diogo Jota,Liverpool,12.6,33,2.63,23,0,3,5,2,0,5,0.40,4,0,1,0,0,0
260,270,261,Hamed Junior Traorè,Bournemouth,4.7,20,4.22,12,7,1,0,0,0,1,0.21,1,0,0,0,0,0
261,271,262,James Justin,Leicester City,13.9,21,1.51,17,0,2,0,2,0,2,0.14,0,0,1,0,1,0
262,272,263,Mathias Jørgensen,Brentford,12.3,9,0.73,5,4,0,0,0,0,1,0.08,0,1,0,0,0,0
263,273,264,Sasa Kalajdzic,Wolves,0.5,0,0.00,0,0,0,0,0,0,0,0.00,0,0,0,0,0,0
264,274,265,Boubacar Kamara,Aston Villa,19.7,23,1.17,19,0,1,0,3,0,4,0.20,2,0,1,0,1,0
265,275,266,Harry Kane,Tottenham,37.8,131,3.46,89,2,13,12,12,3,18,0.48,10,0,2,3,3,0
266,276,267,N'Golo Kanté,Chelsea,5.8,24,4.17,22,0,1,1,0,0,2,0.35,2,0,0,0,0,0
267,277,268,Michael Keane,Everton,10.9,10,0.91,8,0,0,1,1,0,2,0.18,2,0,0,0,0,0
268,278,269,Neeskens Kebano,Fulham,8.5,24,2.83,16,2,0,2,3,1,5,0.59,4,0,0,1,0,0
269,279,270,Thilo Kehrer,West Ham,24.8,24,0.97,17,4,0,3,0,0,4,0.16,2,1,0,1,0,0
270,280,271,Naby Keïta,Liverpool,3.3,12,3.67,10,0,0,2,0,0,0,0.00,0,0,0,0,0,0
271,281,272,Caoimhín Kelleher,Liverpool,1.0,0,0.00,0,0,0,0,0,0,0,0.00,0,0,0,0,0,0
272,282,273,Lloyd Kelly,Bournemouth,22.7,16,0.71,13,1,0,1,1,0,2,0.09,2,0,0,0,0,0
273,283,274,Max Kilman,Wolves,36.7,23,0.63,20,0,0,2,1,0,2,0.05,1,0,0,1,0,0
274,284,275,Jakub Kiwior,Arsenal,4.7,1,0.21,1,0,0,0,0,0,0,0.00,0,0,0,0,0,0
275,286,276,Mateusz Klich,Leeds United,3.1,7,2.26,7,0,0,0,0,0,0,0.00,0,0,0,0,0,0
276,287,277,Robin Koch,Leeds United,35.3,15,0.43,11,2,0,2,0,0,2,0.06,2,0,0,0,0,0
277,288,278,Ibrahima Konaté,Liverpool,17.2,17,0.99,12,0,1,2,1,1,1,0.06,1,0,0,0,0,0
278,289,279,Ezri Konsa,Aston Villa,36.9,15,0.41,13,0,0,1,1,0,2,0.05,2,0,0,0,0,0
279,290,280,Kalidou Koulibaly,Chelsea,20.0,21,1.05,17,0,0,2,0,2,3,0.15,3,0,0,0,0,0
280,291,281,Cheikhou Kouyaté,Nott'ham Forest,9.8,10,1.02,10,0,0,0,0,0,0,0.00,0,0,0,0,0,0
281,292,282,Mateo Kovačić,Chelsea,19.0,62,3.27,53,1,2,4,0,2,3,0.16,3,0,0,0,0,0
282,293,283,Emil Krafth,Newcastle Utd,0.0,0,0.00,0,0,0,0,0,0,0,0.00,0,0,0,0,0,0
283,294,284,Dejan Kulusevski,Tottenham,23.0,97,4.22,71,5,15,5,0,1,11,0.48,9,1,1,0,0,0
284,295,285,Layvin Kurzawa,Fulham,1.5,0,0.00,0,0,0,0,0,0,0,0.00,0,0,0,0,0,0
285,296,286,Adam Lallana,Brighton,8.0,22,2.75,22,0,0,0,0,0,2,0.25,2,0,0,0,0,0
286,297,287,Tariq Lamptey,Brighton,5.0,14,2.78,12,0,1,0,1,0,0,0.00,0,0,0,0,0,0
287,298,288,Manuel Lanzini,West Ham,2.8,4,1.43,3,0,0,1,0,0,0,0.00,0,0,0,0,0,0
288,299,289,Aymeric Laporte,Manchester City,11.0,17,1.54,16,0,0,1,0,0,0,0.00,0,0,0,0,0,0
289,300,290,Juan Larios,Southampton,1.7,1,0.59,1,0,0,0,0,0,1,0.59,1,0,0,0,0,0
290,301,291,Jamaal Lascelles,Newcastle Utd,2.4,1,0.41,0,0,0,1,0,0,0,0.00,0,0,0,0,0,0
291,302,292,Roméo Lavia,Southampton,24.7,41,1.66,31,2,3,1,3,1,3,0.12,1,0,0,0,1,1
292,303,293,Dexter Lembikisa,Wolves,0.3,1,3.91,1,0,0,0,0,0,0,0.00,0,0,0,0,0,0
293,304,294,Mario Lemina,Wolves,14.4,8,0.55,6,0,0,0,0,2,2,0.14,1,0,0,0,0,1
294,305,295,Clément Lenglet,Tottenham,22.4,23,1.03,20,1,0,0,1,1,5,0.22,5,0,0,0,0,0
295,306,296,Bernd Leno,Fulham,36.0,2,0.06,2,0,0,0,0,0,0,0.00,0,0,0,0,0,0
296,307,297,Jefferson Lerma,Bournemouth,36.1,47,1.30,42,2,0,2,1,0,1,0.03,1,0,0,0,0,0
297,308,298,Jamal Lewis,Newcastle Utd,0.1,0,0.00,0,0,0,0,0,0,0,0.00,0,0,0,0,0,0
298,309,299,Rico Lewis,Manchester City,10.0,27,2.69,24,1,0,1,1,0,0,0.00,0,0,0,0,0,0
299,310,300,Keane Lewis-Potter,Brentford,3.6,8,2.24,2,0,2,4,0,0,2,0.56,0,0,0,2,0,0
300,312,301,Victor Lindelöf,Manchester Utd,15.2,6,0.40,6,0,0,0,0,0,0,0.00,0,0,0,0,0,0
301,313,302,Jesse Lingard,Nott'ham Forest,10.3,25,2.44,18,1,2,3,1,0,2,0.20,1,0,0,1,0,0
302,314,303,Valentino Livramento,Southampton,0.3,0,0.00,0,0,0,0,0,0,0,0.00,0,0,0,0,0,0
303,315,304,Diego Llorente,Leeds United,7.2,6,0.83,5,0,0,1,0,0,1,0.14,1,0,0,0,0,0
304,316,305,Hugo Lloris,Tottenham,24.5,5,0.20,5,0,0,0,0,0,0,0.00,0,0,0,0,0,0
305,317,306,Renan Lodi,Nott'ham Forest,24.6,30,1.22,22,6,0,1,1,0,4,0.16,3,0,0,1,0,0
306,318,307,Ruben Loftus-Cheek,Chelsea,17.1,36,2.11,31,0,3,1,1,0,4,0.23,4,0,0,0,0,0
307,319,308,Sean Longstaff,Newcastle Utd,28.0,62,2.22,46,1,2,7,6,0,6,0.21,4,0,0,1,1,0
308,320,309,Jamal Lowe,Bournemouth,0.1,0,0.00,0,0,0,0,0,0,0,0.00,0,0,0,0,0,0
309,321,310,Douglas Luiz,Aston Villa,32.5,96,2.95,61,26,4,1,1,3,12,0.37,9,1,0,0,0,2
310,322,311,Saša Lukić,Fulham,4.6,5,1.09,4,0,0,0,0,1,1,0.22,0,0,0,0,0,1
311,323,312,Lyanco,Southampton,13.1,9,0.69,6,1,1,1,0,0,0,0.00,0,0,0,0,0,0
312,324,313,Alexis Mac Allister,Brighton,32.1,106,3.31,76,7,9,8,4,2,8,0.25,7,0,1,0,0,0
313,325,314,James Maddison,Leicester City,27.6,138,5.01,76,29,12,7,12,2,13,0.47,10,1,1,0,1,0
314,326,315,Noni Madueke,Chelsea,7.1,24,3.36,19,0,4,1,0,0,1,0.14,1,0,0,0,0,0
315,327,316,Harry Maguire,Manchester Utd,8.5,5,0.59,5,0,0,0,0,0,1,0.12,1,0,0,0,0,0
316,328,317,Riyad Mahrez,Manchester City,21.3,116,5.44,74,17,7,10,6,2,21,0.98,13,2,2,3,0,1
317,329,318,Kobbie Mainoo,Manchester Utd,0.1,2,16.36,2,0,0,0,0,0,0,0.00,0,0,0,0,0,0
318,330,319,Ainsley Maitland-Niles,Southampton,15.6,24,1.54,22,0,1,0,1,0,2,0.13,1,0,0,0,1,0
319,331,320,Tyrell Malacia,Manchester Utd,15.5,19,1.22,19,0,0,0,0,0,0,0.00,0,0,0,0,0,0
320,332,321,Orel Mangala,Nott'ham Forest,17.2,13,0.76,11,0,0,0,2,0,1,0.06,1,0,0,0,0,0
321,333,322,Javier Manquillo,Newcastle Utd,0.4,1,2.43,0,0,0,0,0,1,1,2.43,0,0,0,0,0,1
322,334,323,Sekou Mara,Southampton,6.2,12,1.95,8,0,3,0,0,1,3,0.49,2,0,1,0,0,0
323,335,324,Solly March,Brighton,30.2,140,4.64,91,15,19,9,4,2,14,0.46,10,1,1,2,0,0
324,336,325,Emiliano Marcondes,Bournemouth,0.1,0,0.00,0,0,0,0,0,0,0,0.00,0,0,0,0,0,0
325,338,326,Marquinhos,Arsenal,0.0,0,0.00,0,0,0,0,0,0,0,0.00,0,0,0,0,0,0
326,339,327,Anthony Martial,Manchester Utd,10.9,28,2.58,22,0,1,3,1,1,5,0.46,2,0,1,1,1,0
327,340,328,Martinelli,Arsenal,31.0,127,4.10,89,8,12,12,4,2,17,0.55,10,0,2,5,0,0
328,341,329,Emiliano Martínez,Aston Villa,34.9,5,0.14,3,2,0,0,0,0,0,0.00,0,0,0,0,0,0
329,342,330,Lisandro Martínez,Manchester Utd,23.5,18,0.77,16,0,0,1,0,1,1,0.04,1,0,0,0,0,0
330,343,331,Pape Matar Sarr,Tottenham,2.4,4,1.65,4,0,0,0,0,0,2,0.83,2,0,0,0,0,0
331,344,332,Jean-Philippe Mateta,Crystal Palace,8.6,8,0.94,3,0,0,3,2,0,1,0.12,0,0,0,0,1,0
332,345,333,Joël Matip,Liverpool,12.1,16,1.32,14,0,0,2,0,0,0,0.00,0,0,0,0,0,0
333,346,334,Neal Maupay,Everton,12.4,18,1.45,12,0,1,2,3,0,1,0.08,1,0,0,0,0,0
334,347,335,Kevin Mbabu,Fulham,1.6,3,1.87,2,0,1,0,0,0,1,0.62,1,0,0,0,0,0
335,348,336,Bryan Mbeumo,Brentford,32.3,97,3.00,62,27,7,0,1,0,15,0.46,12,2,1,0,0,0
336,349,337,James McArthur,Crystal Palace,0.6,0,0.00,0,0,0,0,0,0,0,0.00,0,0,0,0,0,0
337,350,338,Alex McCarthy,Southampton,6.0,1,0.17,1,0,0,0,0,0,0,0.00,0,0,0,0,0,0
338,351,339,John McGinn,Aston Villa,29.9,80,2.67,56,10,5,3,5,1,10,0.33,7,1,0,0,2,0
339,352,340,Scott McKenna,Nott'ham Forest,17.5,10,0.57,10,0,0,0,0,0,1,0.06,1,0,0,0,0,0
340,353,341,Weston McKennie,Leeds United,16.0,29,1.82,25,3,0,1,0,0,3,0.19,2,1,0,0,0,0
341,354,342,Dwight McNeil,Everton,27.8,108,3.89,53,36,9,6,2,2,12,0.43,4,3,3,0,1,1
342,355,343,Scott McTominay,Manchester Utd,12.9,23,1.78,18,0,1,2,2,0,0,0.00,0,0,0,0,0,0
343,356,344,Ben Mee,Brentford,36.3,33,0.91,23,0,1,7,1,1,1,0.03,1,0,0,0,0,0
344,357,345,Edouard Mendy,Chelsea,9.5,0,0.00,0,0,0,0,0,0,0,0.00,0,0,0,0,0,0
345,358,346,Nampalys Mendy,Leicester City,8.4,9,1.07,5,0,1,0,1,2,0,0.00,0,0,0,0,0,0
346,359,347,Chris Mepham,Bournemouth,24.4,8,0.33,6,0,0,2,0,0,0,0.00,0,0,0,0,0,0
347,360,348,Illan Meslier,Leeds United,34.0,4,0.12,2,2,0,0,0,0,0,0.00,0,0,0,0,0,0
348,361,349,Alexander Mighten,Nott'ham Forest,0.1,0,0.00,0,0,0,0,0,0,0,0.00,0,0,0,0,0,0
349,362,350,Lewis Miley,Newcastle Utd,0.2,1,5.63,1,0,0,0,0,0,0,0.00,0,0,0,0,0,0
350,364,351,Luka Milivojević,Crystal Palace,5.7,3,0.53,1,1,0,1,0,0,0,0.00,0,0,0,0,0,0
351,365,352,James Milner,Liverpool,10.1,36,3.56,27,4,3,2,0,0,3,0.30,2,1,0,0,0,0
352,366,353,Yerry Mina,Everton,6.6,8,1.21,5,0,0,1,2,0,1,0.15,0,0,0,0,1,0
353,367,354,Tyrone Mings,Aston Villa,35.0,23,0.66,17,0,0,2,4,0,4,0.11,2,0,0,1,1,0
354,368,355,Tyrick Mitchell,Crystal Palace,32.1,33,1.03,28,1,2,0,0,2,3,0.09,3,0,0,0,0,0
355,369,356,Kaoru Mitoma,Brighton,25.8,108,4.20,78,1,18,5,4,2,15,0.58,10,0,2,2,1,0
356,370,357,Aleksandar Mitrović,Fulham,22.3,55,2.47,26,0,9,13,6,1,10,0.45,3,0,1,4,2,0
357,371,358,Kieffer Moore,Bournemouth,14.2,18,1.26,14,0,1,0,3,0,2,0.14,2,0,0,0,0,0
358,372,359,Andrew Moran,Brighton,0.1,0,0.00,0,0,0,0,0,0,0,0.00,0,0,0,0,0,0
359,373,360,Álex Moreno,Aston Villa,14.8,34,2.30,31,0,2,1,0,0,3,0.20,3,0,0,0,0,0
360,374,361,Mason Mount,Chelsea,18.3,57,3.11,42,9,2,2,2,0,7,0.38,5,0,0,1,1,0
361,375,362,Lucas Moura,Tottenham,1.7,9,5.29,6,0,1,0,1,1,1,0.59,0,0,1,0,0,0
362,376,363,João Moutinho,Wolves,19.8,66,3.34,49,14,0,2,1,0,3,0.15,3,0,0,0,0,0
363,377,364,Divin Mubama,West Ham,0.4,2,4.74,1,0,1,0,0,0,0,0.00,0,0,0,0,0,0
364,378,365,Mykhailo Mudryk,Chelsea,7.3,21,2.88,13,3,1,1,3,0,2,0.27,2,0,0,0,0,0
365,379,366,Jacob Murphy,Newcastle Utd,13.9,49,3.52,37,0,4,2,5,1,6,0.43,5,0,0,0,0,1
366,380,367,Enock Mwepu,Brighton,2.4,7,2.96,6,0,1,0,0,0,2,0.85,1,0,1,0,0,0
367,381,368,Vitaliy Mykolenko,Everton,29.5,46,1.56,41,1,0,2,2,0,3,0.10,2,0,0,1,0,0
368,382,369,Keylor Navas,Nott'ham Forest,17.0,3,0.18,2,1,0,0,0,0,0,0.00,0,0,0,0,0,0
369,383,370,Wilfred Ndidi,Leicester City,18.7,12,0.64,12,0,0,0,0,0,2,0.11,2,0,0,0,0,0
370,384,371,Reiss Nelson,Arsenal,2.4,19,8.07,13,0,3,2,1,0,5,2.12,3,0,0,2,0,0
371,385,372,Neto,Bournemouth,26.5,2,0.08,2,0,0,0,0,0,1,0.04,1,0,0,0,0,0
372,386,373,Pedro Neto,Wolves,10.7,41,3.82,23,6,2,4,5,1,6,0.56,4,0,0,1,1,0
373,387,374,Rúben Neves,Wolves,33.5,80,2.38,55,11,3,4,3,4,3,0.09,2,1,0,0,0,0
374,388,375,Moussa Niakhate,Nott'ham Forest,12.9,9,0.70,4,5,0,0,0,0,1,0.08,0,1,0,0,0,0
375,390,376,Rasmus Nissen,Leeds United,21.8,35,1.61,30,1,2,1,0,1,3,0.14,2,0,1,0,0,0
376,391,377,Eddie Nketiah,Arsenal,12.1,29,2.40,14,0,6,6,3,0,3,0.25,2,0,0,0,1,0
377,392,378,Matheus Nunes,Wolves,27.4,59,2.15,49,2,4,2,2,0,5,0.18,3,0,2,0,0,0
378,393,379,Darwin Núñez,Liverpool,18.8,54,2.87,35,1,4,7,7,0,3,0.16,2,0,0,0,1,0
379,394,380,Ethan Nwaneri,Arsenal,0.0,0,0.00,0,0,0,0,0,0,0,0.00,0,0,0,0,0,0
380,395,381,Christian Nørgaard,Brentford,19.6,32,1.63,24,1,1,4,2,0,7,0.36,3,0,0,3,1,0
381,396,382,Lewis O'Brien,Nott'ham Forest,6.5,21,3.24,14,0,1,1,3,2,0,0.00,0,0,0,0,0,0
382,397,383,Odeluga Offiah,Brighton,0.3,1,3.60,1,0,0,0,0,0,0,0.00,0,0,0,0,0,0
383,398,384,Angelo Ogbonna,West Ham,13.7,6,0.44,5,0,0,0,0,1,0,0.00,0,0,0,0,0,0
384,399,385,Michael Olise,Crystal Palace,30.5,143,4.68,75,37,15,4,9,3,13,0.43,9,4,0,0,0,0
385,400,386,Robin Olsen,Aston Villa,3.1,0,0.00,0,0,0,0,0,0,0,0.00,0,0,0,0,0,0
386,401,387,Amadou Onana,Everton,27.6,45,1.63,35,0,1,2,5,2,2,0.07,2,0,0,0,0,0
387,402,388,Josh Onomah,Fulham,0.2,0,0.00,0,0,0,0,0,0,0,0.00,0,0,0,0,0,0
388,403,389,Paul Onuachu,Southampton,4.5,7,1.55,5,0,0,1,1,0,0,0.00,0,0,0,0,0,0
389,404,390,Frank Onyeka,Brentford,9.4,23,2.44,16,0,0,1,6,0,7,0.74,5,0,0,0,2,0
390,405,391,Mislav Oršić,Southampton,0.1,0,0.00,0,0,0,0,0,0,0,0.00,0,0,0,0,0,0
391,406,392,Stefan Ortega,Manchester City,3.0,0,0.00,0,0,0,0,0,0,0,0.00,0,0,0,0,0,0
392,407,393,Dango Ouattara,Bournemouth,13.8,44,3.19,26,1,8,4,4,1,5,0.36,1,0,2,1,1,0
393,408,394,Alex Oxlade-Chamberlain,Liverpool,3.7,9,2.43,8,0,0,1,0,0,0,0.00,0,0,0,0,0,0
394,409,395,David Ozoh,Crystal Palace,0.0,0,0.00,0,0,0,0,0,0,0,0.00,0,0,0,0,0,0
395,410,396,João Palhinha,Fulham,34.5,30,0.87,21,0,0,4,1,4,0,0.00,0,0,0,0,0,0
396,411,397,Cole Palmer,Manchester City,4.1,20,4.86,11,0,3,4,2,0,1,0.24,1,0,0,0,0,0
397,412,398,Emerson Palmieri,West Ham,14.7,29,1.98,20,4,1,1,2,1,0,0.00,0,0,0,0,0,0
398,413,399,Lucas Paquetá,West Ham,23.9,79,3.30,57,1,4,8,6,3,12,0.50,6,0,1,3,2,0
399,414,400,Thomas Partey,Arsenal,27.6,71,2.57,62,2,1,2,1,3,6,0.22,6,0,0,0,0,0
400,416,401,Nathan Patterson,Everton,14.2,20,1.41,16,1,0,0,2,1,0,0.00,0,0,0,0,0,0
401,417,402,Ben Pearson,Bournemouth,3.2,2,0.63,1,0,0,1,0,0,0,0.00,0,0,0,0,0,0
402,418,403,Facundo Pellistri,Manchester Utd,0.7,1,1.41,1,0,0,0,0,0,1,1.41,1,0,0,0,0,0
403,419,404,Andreas Pereira,Fulham,29.9,118,3.94,57,44,2,9,6,0,12,0.40,5,5,0,2,0,0
404,420,405,Ricardo Pereira,Leicester City,5.0,15,2.97,14,0,0,0,1,0,1,0.20,1,0,0,0,0,0
405,421,406,Ayoze Pérez,Leicester City,4.2,14,3.29,11,2,0,0,1,0,2,0.47,1,0,0,0,1,0
406,422,407,Ivan Perišić,Tottenham,23.4,75,3.20,55,16,1,2,1,0,11,0.47,7,3,1,0,0,0
407,423,408,Romain Perraud,Southampton,20.4,38,1.86,23,1,4,8,1,1,5,0.25,3,0,1,0,1,0
408,424,409,Máximo Perrone,Manchester City,0.2,1,4.74,1,0,0,0,0,0,0,0.00,0,0,0,0,0,0
409,425,410,Cameron Peupion,Brighton,0.1,0,0.00,0,0,0,0,0,0,0,0.00,0,0,0,0,0,0
410,426,411,Kalvin Phillips,Manchester City,3.3,7,2.10,5,0,0,2,0,0,1,0.30,1,0,0,0,0,0
411,427,412,Nathaniel Phillips,Liverpool,0.7,1,1.36,1,0,0,0,0,0,0,0.00,0,0,0,0,0,0
412,428,413,Jordan Pickford,Everton,37.0,10,0.27,4,6,0,0,0,0,1,0.03,1,0,0,0,0,0
413,429,414,Ethan Pinnock,Brentford,30.0,25,0.83,18,3,0,3,1,0,5,0.17,5,0,0,0,0,0
414,430,415,Daniel Podence,Wolves,19.7,69,3.51,46,9,3,8,2,1,3,0.15,2,0,1,0,0,0
415,431,416,Nick Pope,Newcastle Utd,36.2,5,0.14,4,1,0,0,0,0,0,0.00,0,0,0,0,0,0
416,432,417,Pedro Porro,Tottenham,12.6,41,3.26,29,7,1,2,1,1,6,0.48,6,0,0,0,0,0
417,433,418,Dennis Praet,Leicester City,7.2,14,1.94,11,2,0,1,0,0,0,0.00,0,0,0,0,0,0
418,434,419,Isaac Price,Everton,0.4,2,5.45,1,0,1,0,0,0,0,0.00,0,0,0,0,0,0
419,435,420,Christian Pulisic,Chelsea,9.1,24,2.63,21,0,0,3,0,0,3,0.33,3,0,0,0,0,0
420,436,421,Aaron Ramsdale,Arsenal,38.0,3,0.08,3,0,0,0,0,0,0,0.00,0,0,0,0,0,0
421,437,422,Jacob Ramsey,Aston Villa,29.3,81,2.76,69,0,4,2,5,1,11,0.38,8,0,1,1,1,0
422,438,423,Marcus Rashford,Manchester Utd,32.0,98,3.06,61,1,17,14,4,1,14,0.44,8,0,3,2,1,0
423,439,424,David Raya,Brentford,38.0,12,0.32,9,3,0,0,0,0,2,0.05,1,1,0,0,0,0
424,440,425,Tim Ream,Fulham,32.2,24,0.75,23,0,0,0,0,1,0,0.00,0,0,0,0,0,0
425,442,426,Nathan Redmond,Southampton,0.0,0,0.00,0,0,0,0,0,0,0,0.00,0,0,0,0,0,0
426,443,427,Harrison Reed,Fulham,31.8,74,2.32,64,2,2,3,3,0,7,0.22,6,0,1,0,0,0
427,444,428,Bobby Reid,Fulham,27.5,54,1.96,36,1,3,5,7,2,3,0.11,1,0,0,1,0,1
428,445,429,Declan Rice,West Ham,36.4,100,2.75,86,7,1,1,2,3,6,0.16,6,0,0,0,0,0
429,446,430,Chris Richards,Crystal Palace,5.0,2,0.40,1,0,0,1,0,0,0,0.00,0,0,0,0,0,0
430,447,431,Richarlison,Tottenham,11.2,35,3.12,22,0,1,4,8,0,5,0.45,3,0,0,0,2,0
431,448,432,Jaïro Riedewald,Crystal Palace,0.7,0,0.00,0,0,0,0,0,0,0,0.00,0,0,0,0,0,0
432,449,433,Matt Ritchie,Newcastle Utd,0.4,1,2.31,1,0,0,0,0,0,0,0.00,0,0,0,0,0,0
433,450,434,Andrew Robertson,Liverpool,28.7,95,3.31,59,27,1,4,1,3,13,0.45,9,4,0,0,0,0
434,451,435,Antonee Robinson,Fulham,34.3,58,1.69,52,2,2,0,1,1,6,0.17,4,0,1,0,1,0
435,452,436,Joel Robles,Leeds United,4.0,0,0.00,0,0,0,0,0,0,0,0.00,0,0,0,0,0,0
436,453,437,Marc Roca,Leeds United,25.7,52,2.02,34,10,2,3,2,1,4,0.16,1,1,0,1,1,0
437,454,438,Marek Rodák,Fulham,2.0,0,0.00,0,0,0,0,0,0,0,0.00,0,0,0,0,0,0
438,455,439,Rodri,Manchester City,32.3,92,2.84,80,0,4,6,1,1,10,0.31,10,0,0,0,0,0
439,456,440,Rodrigo,Leeds United,21.5,45,2.09,30,0,4,8,2,1,4,0.19,2,0,0,2,0,0
440,457,441,Mads Roerslev,Brentford,12.3,13,1.06,13,0,0,0,0,0,1,0.08,1,0,0,0,0,0
441,458,442,Cristian Romero,Tottenham,26.3,24,0.91,22,0,0,0,1,1,4,0.15,3,0,0,0,1,0
442,459,443,Oriol Romeu,Southampton,0.8,3,3.65,2,0,0,0,1,0,0,0.00,0,0,0,0,0,0
443,460,444,Cristiano Ronaldo,Manchester Utd,5.8,10,1.71,9,0,0,0,1,0,0,0.00,0,0,0,0,0,0
444,461,445,Connor Ronan,Wolves,0.0,1,90.00,1,0,0,0,0,0,0,0.00,0,0,0,0,0,0
445,462,446,Salomón Rondón,Everton,1.2,4,3.30,4,0,0,0,0,0,0,0.00,0,0,0,0,0,0
446,463,447,Joe Rothwell,Bournemouth,11.3,24,2.12,16,6,1,1,0,0,2,0.18,1,1,0,0,0,0
447,464,448,Georginio Rutter,Leeds United,3.0,6,1.99,5,0,0,0,1,0,1,0.33,1,0,0,0,0,0
448,465,449,José Sá,Wolves,36.0,1,0.03,0,1,0,0,0,0,0,0.00,0,0,0,0,0,0
449,466,450,Marcel Sabitzer,Manchester Utd,7.0,20,2.87,16,1,0,1,2,0,3,0.43,3,0,0,0,0,0
450,468,451,Allan Saint-Maximin,Newcastle Utd,12.4,65,5.22,49,0,10,3,3,0,10,0.80,7,0,2,0,1,0
451,469,452,Bukayo Saka,Arsenal,35.3,161,4.56,106,27,8,11,7,2,28,0.79,20,4,2,1,0,1
452,470,453,Mohamed Salah,Liverpool,36.6,140,3.83,106,2,12,12,6,2,24,0.66,17,1,0,2,3,1
453,471,454,William Saliba,Arsenal,26.8,14,0.52,11,2,1,0,0,0,2,0.07,2,0,0,0,0,0
454,472,455,Mohammed Salisu,Southampton,21.9,25,1.14,16,5,1,3,0,0,3,0.14,1,1,0,1,0,0
455,473,456,Albert Sambi Lokonga,Arsenal,2.2,4,1.82,3,0,0,0,1,0,0,0.00,0,0,0,0,0,0
456,474,457,Albert Sambi Lokonga,Crystal Palace,6.0,6,1.01,5,0,0,0,1,0,0,0.00,0,0,0,0,0,0
457,475,458,Davinson Sánchez,Tottenham,9.5,5,0.53,5,0,0,0,0,0,0,0.00,0,0,0,0,0,0
458,476,459,Robert Sánchez,Brighton,23.0,2,0.09,2,0,0,0,0,0,0,0.00,0,0,0,0,0,0
459,477,460,Jadon Sancho,Manchester Utd,18.7,87,4.64,80,1,4,2,0,0,9,0.48,7,0,2,0,0,0
460,478,461,Morgan Sanson,Aston Villa,0.1,0,0.00,0,0,0,0,0,0,0,0.00,0,0,0,0,0,0
461,479,462,Pablo Sarabia,Wolves,8.5,31,3.65,21,5,0,5,0,0,0,0.00,0,0,0,0,0,0
462,480,463,Jeremy Sarmiento,Brighton,2.0,10,5.11,6,0,1,2,1,0,2,1.02,2,0,0,0,0,0
463,481,464,Gianluca Scamacca,West Ham,10.3,24,2.33,20,0,1,2,0,1,1,0.10,1,0,0,0,0,0
464,482,465,Gustavo Scarpa,Nott'ham Forest,2.0,10,4.97,3,1,1,1,3,1,0,0.00,0,0,0,0,0,0
465,483,466,Kevin Schade,Brentford,8.1,27,3.32,15,0,6,2,4,0,4,0.49,3,0,1,0,0,0
466,484,467,Fabian Schär,Newcastle Utd,35.6,59,1.66,43,0,2,9,2,3,8,0.22,5,0,0,0,1,2
467,485,468,Jeffrey Schlupp,Crystal Palace,28.1,44,1.56,34,0,3,5,1,1,5,0.18,2,0,0,1,1,1
468,486,469,Nélson Semedo,Wolves,29.2,35,1.20,28,0,0,4,3,0,3,0.10,3,0,0,0,0,0
469,487,470,Antoine Semenyo,Bournemouth,2.9,7,2.44,3,0,2,1,1,0,0,0.00,0,0,0,0,0,0
470,488,471,Marcos Senesi,Bournemouth,27.7,16,0.58,14,1,0,1,0,0,3,0.11,3,0,0,0,0,0
471,489,472,Ryan Sessegnon,Tottenham,9.0,23,2.55,16,0,0,5,1,1,2,0.22,1,0,0,1,0,0
472,490,473,Luke Shaw,Manchester Utd,28.4,67,2.36,50,9,3,1,4,0,7,0.25,6,0,0,0,1,0
473,491,474,Jonjo Shelvey,Newcastle Utd,0.4,0,0.00,0,0,0,0,0,0,0,0.00,0,0,0,0,0,0
474,492,475,Jonjo Shelvey,Nott'ham Forest,6.0,16,2.67,11,4,0,1,0,0,0,0.00,0,0,0,0,0,0
475,494,476,Bernardo Silva,Manchester City,24.5,75,3.06,65,1,4,1,3,1,12,0.49,11,0,0,0,1,0
476,495,477,Thiago Silva,Chelsea,26.1,18,0.69,16,1,0,1,0,0,2,0.08,2,0,0,0,0,0
477,496,478,Ellis Simms,Everton,2.5,6,2.37,4,0,1,1,0,0,2,0.79,1,0,1,0,0,0
478,497,479,Luis Sinisterra,Leeds United,9.6,33,3.43,26,0,2,2,2,1,2,0.21,0,0,1,0,0,1
479,498,480,Oliver Skipp,Tottenham,16.6,27,1.63,24,0,0,0,2,1,1,0.06,0,0,0,0,1,0
480,499,481,Adam Smith,Bournemouth,32.7,29,0.89,25,1,0,2,0,1,2,0.06,2,0,0,0,0,0
481,500,482,Emile Smith Rowe,Arsenal,1.9,9,4.68,6,1,0,2,0,0,1,0.52,1,0,0,0,0,0
482,501,483,Cédric Soares,Arsenal,0.3,1,3.10,1,0,0,0,0,0,0,0.00,0,0,0,0,0,0
483,502,484,Cédric Soares,Fulham,2.2,4,1.82,3,0,1,0,0,0,0,0.00,0,0,0,0,0,0
484,503,485,Dominic Solanke,Bournemouth,31.8,61,1.92,36,1,11,10,2,1,13,0.41,10,1,0,2,0,0
485,504,486,Manor Solomon,Fulham,6.4,11,1.73,11,0,0,0,0,0,2,0.31,2,0,0,0,0,0
486,505,487,Tomáš Souček,West Ham,31.3,52,1.66,41,0,0,8,1,2,3,0.10,2,0,0,1,0,0
487,506,488,Boubakary Soumaré,Leicester City,18.1,23,1.27,22,0,1,0,0,0,1,0.06,1,0,0,0,0,0
488,507,489,Harry Souttar,Leicester City,11.0,8,0.73,4,0,2,2,0,0,2,0.18,1,0,0,1,0,0
489,508,490,Çağlar Söyüncü,Leicester City,5.9,2,0.34,2,0,0,0,0,0,0,0.00,0,0,0,0,0,0
490,509,491,Djed Spence,Tottenham,0.1,0,0.00,0,0,0,0,0,0,0,0.00,0,0,0,0,0,0
491,510,492,Jack Stacey,Bournemouth,3.3,1,0.30,1,0,0,0,0,0,0,0.00,0,0,0,0,0,0
492,511,493,Junior Stanislas,Bournemouth,0.7,4,5.90,4,0,0,0,0,0,0,0.00,0,0,0,0,0,0
493,512,494,Jay Stansfield,Fulham,1.0,4,4.14,1,0,0,2,1,0,1,1.03,0,0,0,1,0,0
494,513,495,Jason Steele,Brighton,15.0,6,0.40,6,0,0,0,0,0,2,0.13,2,0,0,0,0,0
495,514,496,Jack Stephens,Southampton,0.5,0,0.00,0,0,0,0,0,0,0,0.00,0,0,0,0,0,0
496,515,497,Jack Stephens,Bournemouth,13.0,10,0.77,9,0,0,1,0,0,1,0.08,1,0,0,0,0,0
497,516,498,Raheem Sterling,Chelsea,21.0,68,3.23,53,0,7,3,4,1,4,0.19,3,0,1,0,0,0
498,517,499,John Stones,Manchester City,20.5,16,0.78,12,1,0,3,0,0,5,0.24,4,0,0,1,0,0
499,518,500,Pascal Struijk,Leeds United,24.4,35,1.43,25,4,0,5,0,1,2,0.08,0,0,0,2,0,0
500,520,501,Kamaldeen Sulemana,Southampton,10.7,40,3.72,24,0,9,4,1,2,3,0.28,2,0,1,0,0,0
501,521,502,Crysencio Summerville,Leeds United,15.8,49,3.09,29,1,3,4,10,2,5,0.32,3,0,0,0,1,1
502,522,503,Sam Surridge,Nott'ham Forest,3.6,4,1.11,3,0,0,1,0,0,1,0.28,1,0,0,0,0,0
503,523,504,Japhet Tanganga,Tottenham,1.6,0,0.00,0,0,0,0,0,0,0,0.00,0,0,0,0,0,0
504,524,505,Matt Targett,Newcastle Utd,6.8,17,2.51,12,5,0,0,0,0,0,0.00,0,0,0,0,0,0
505,525,506,James Tarkowski,Everton,38.0,23,0.61,17,0,0,5,0,1,2,0.05,1,0,0,1,0,0
506,526,507,Marcus Tavernier,Bournemouth,19.4,48,2.48,31,7,5,3,2,0,8,0.41,3,2,1,2,0,0
507,527,508,Tetê,Leicester City,8.2,28,3.43,15,3,7,2,1,0,2,0.25,0,0,2,0,0,0
508,528,509,Kenny Tete,Fulham,28.5,49,1.72,39,5,0,0,3,2,12,0.42,11,1,0,0,0,0
509,529,510,Luke Thomas,Leicester City,11.9,16,1.34,11,2,0,1,0,2,2,0.17,1,0,0,1,0,0
510,530,511,Youri Tielemans,Leicester City,26.0,78,2.99,64,4,1,7,1,1,4,0.15,2,1,0,1,0,0
511,531,512,Kieran Tierney,Arsenal,8.8,12,1.36,10,0,1,1,0,0,4,0.45,4,0,0,0,0,0
512,532,513,Harry Toffolo,Nott'ham Forest,10.4,19,1.82,14,3,1,0,0,1,0,0.00,0,0,0,0,0,0
513,533,514,Takehiro Tomiyasu,Arsenal,7.4,10,1.36,8,2,0,0,0,0,2,0.27,2,0,0,0,0,0
514,534,515,James Tomkins,Crystal Palace,3.8,0,0.00,0,0,0,0,0,0,0,0.00,0,0,0,0,0,0
515,535,516,Ivan Toney,Brentford,32.8,66,2.01,39,4,4,5,14,0,8,0.24,3,0,1,0,4,0
516,536,517,Adama Traoré,Wolves,16.6,44,2.65,37,0,2,2,3,0,4,0.24,2,0,0,2,0,0
517,537,518,Bertrand Traoré,Aston Villa,2.6,4,1.55,3,0,0,0,1,0,0,0.00,0,0,0,0,0,0
518,538,519,Boubacar Traoré,Wolves,4.6,6,1.32,6,0,0,0,0,0,2,0.44,2,0,0,0,0,0
519,539,520,Mark Travers,Bournemouth,11.5,0,0.00,0,0,0,0,0,0,0,0.00,0,0,0,0,0,0
520,540,521,Kieran Trippier,Newcastle Utd,37.1,178,4.79,79,94,1,1,2,1,10,0.27,6,4,0,0,0,0
521,541,522,Leandro Trossard,Arsenal,10.3,34,3.29,23,7,1,1,2,0,9,0.87,8,1,0,0,0,0
522,542,523,Leandro Trossard,Brighton,14.6,51,3.49,39,0,7,4,1,0,9,0.62,5,0,3,0,1,0
523,543,524,Kostas Tsimikas,Liverpool,8.6,27,3.14,12,13,0,2,0,0,4,0.47,3,1,0,0,0,0
524,544,525,Deniz Undav,Brighton,7.0,22,3.15,14,0,1,6,0,1,4,0.57,0,0,1,2,0,1
525,546,526,Yan Valery,Southampton,0.5,0,0.00,0,0,0,0,0,0,0,0.00,0,0,0,0,0,0
526,547,527,Virgil van Dijk,Liverpool,31.5,22,0.70,17,0,0,4,0,1,3,0.10,2,0,0,1,0,0
527,548,528,Raphaël Varane,Manchester Utd,21.2,17,0.80,12,1,0,3,0,1,0,0.00,0,0,0,0,0,0
528,549,529,Jamie Vardy,Leicester City,20.6,34,1.65,23,0,6,3,2,0,7,0.34,5,0,1,0,1,0
529,550,530,Joël Veltman,Brighton,24.3,36,1.48,30,4,0,1,0,1,4,0.16,3,0,0,1,0,0
530,551,531,Fabio Vieira,Arsenal,5.7,23,4.03,17,2,2,2,0,0,3,0.53,3,0,0,0,0,0
531,552,532,Matías Viña,Bournemouth,5.1,8,1.57,7,0,1,0,0,0,2,0.39,2,0,0,0,0,0
532,553,533,Rúben Vinagre,Everton,0.3,0,0.00,0,0,0,0,0,0,0,0.00,0,0,0,0,0,0
533,554,534,Carlos Vinícius,Fulham,12.3,16,1.30,13,0,2,0,1,0,6,0.49,5,0,1,0,0,0
534,555,535,Theo Walcott,Southampton,12.5,28,2.23,23,0,0,4,1,0,2,0.16,2,0,0,0,0,0
535,556,536,Kyle Walker,Manchester City,21.8,25,1.15,22,2,0,0,0,1,3,0.14,3,0,0,0,0,0
536,557,537,Kyle Walker-Peters,Southampton,29.4,53,1.80,33,4,8,3,4,1,3,0.10,1,1,0,0,0,1
537,558,538,Aaron Wan-Bissaka,Manchester Utd,15.9,30,1.88,29,0,0,1,0,0,1,0.06,1,0,0,0,0,0
538,559,539,Danny Ward,Leicester City,26.0,2,0.08,2,0,0,0,0,0,0,0.00,0,0,0,0,0,0
539,560,540,Joel Ward,Crystal Palace,25.1,22,0.88,17,0,1,1,3,0,1,0.04,0,0,0,1,0,0
540,561,541,James Ward-Prowse,Southampton,37.5,127,3.39,62,59,1,3,1,1,9,0.24,3,3,1,2,0,0
541,562,542,Ollie Watkins,Aston Villa,34.7,79,2.27,51,0,6,11,11,0,14,0.40,6,0,2,5,1,0
542,563,543,Adam Webster,Brighton,22.1,20,0.91,19,1,0,0,0,0,1,0.05,1,0,0,0,0,0
543,564,544,Wout Weghorst,Manchester Utd,8.9,27,3.05,22,0,1,2,1,1,2,0.23,2,0,0,0,0,0
544,565,545,Danny Welbeck,Brighton,20.6,65,3.16,49,0,5,6,4,1,9,0.44,5,0,1,1,2,0
545,566,546,Ben White,Arsenal,33.9,64,1.89,56,7,0,0,1,0,13,0.38,12,1,0,0,0,0
546,567,547,Harvey White,Tottenham,0.1,0,0.00,0,0,0,0,0,0,0,0.00,0,0,0,0,0,0
547,568,548,Joseph Whitworth,Crystal Palace,2.0,0,0.00,0,0,0,0,0,0,0,0.00,0,0,0,0,0,0
548,569,549,Neco Williams,Nott'ham Forest,20.9,39,1.86,23,4,4,2,3,3,2,0.10,1,0,0,1,0,0
549,570,550,Willian,Fulham,23.6,105,4.44,71,16,5,8,4,1,12,0.51,7,3,1,1,0,0
550,572,551,Joe Willock,Newcastle Utd,28.4,85,2.99,67,0,7,7,3,1,9,0.32,6,0,1,1,1,0
551,573,552,Callum Wilson,Newcastle Utd,20.9,43,2.06,24,0,6,7,6,0,10,0.48,5,0,3,2,0,0
552,574,553,Harry Wilson,Fulham,12.2,32,2.62,18,2,1,3,8,0,9,0.74,4,0,0,1,4,0
553,575,554,Yoane Wissa,Brentford,17.8,36,2.02,29,0,1,2,3,1,6,0.34,4,0,0,0,1,1
554,576,555,Maximilian Wöber,Leeds United,14.1,12,0.85,8,2,0,2,0,0,1,0.07,1,0,0,0,0,0
555,577,556,Chris Wood,Newcastle Utd,5.0,5,1.01,4,0,0,1,0,0,0,0.00,0,0,0,0,0,0
556,578,557,Chris Wood,Nott'ham Forest,4.1,6,1.45,4,0,0,1,1,0,0,0.00,0,0,0,0,0,0
557,579,558,Joe Worrall,Nott'ham Forest,24.7,16,0.65,14,1,0,0,1,0,0,0.00,0,0,0,0,0,0
558,580,559,Granit Xhaka,Arsenal,33.3,110,3.31,94,3,5,4,3,1,17,0.51,16,0,0,1,0,0
559,581,560,Ryan Yates,Nott'ham Forest,20.4,24,1.18,18,0,0,4,2,0,3,0.15,1,0,0,2,0,0
560,582,561,Ashley Young,Aston Villa,22.6,40,1.77,34,3,2,1,0,0,2,0.09,2,0,0,0,0,0
561,583,562,Illia Zabarnyi,Bournemouth,3.3,1,0.30,0,0,0,0,1,0,0,0.00,0,0,0,0,0,0
562,584,563,Wilfried Zaha,Crystal Palace,25.4,91,3.58,57,0,12,4,17,1,7,0.28,6,0,0,1,0,0
563,585,564,Denis Zakaria,Chelsea,4.6,2,0.44,1,0,0,0,0,1,0,0.00,0,0,0,0,0,0
564,586,565,Jordan Zemura,Bournemouth,16.2,35,2.17,25,0,6,2,2,0,2,0.12,2,0,0,0,0,0
565,587,566,Oleksandr Zinchenko,Arsenal,23.5,56,2.38,49,1,0,4,1,1,4,0.17,3,0,0,1,0,0
566,588,567,Hakim Ziyech,Chelsea,7.3,32,4.36,25,4,1,0,1,1,3,0.41,2,1,0,0,0,0
567,589,568,Kurt Zouma,West Ham,22.1,9,0.41,7,1,0,1,0,0,2,0.09,1,0,0,1,0,0
568,590,569,Martin Ødegaard,Arsenal,34.7,163,4.69,123,15,4,12,6,3,17,0.49,15,0,0,2,0,0
