,index,Rk,Player,Squad,90s,Att,Live,Dead,FK,TB,Sw,Crs,TI,CK,In,Out,Str,Cmp,Off,Blocks
0,0,1,Brenden Aaronson,Leeds United,26.4,797,711,85,26,8,2,72,5,38,17,14,1,592,1,27
1,1,2,George Abbott,Tottenham,0.0,1,1,0,0,0,0,0,0,0,0,0,0,1,0,0
2,2,3,Che Adams,Southampton,22.1,498,490,7,0,6,7,12,4,0,0,0,0,330,1,17
3,3,4,Tyler Adams,Leeds United,24.0,1343,1271,72,58,1,2,2,14,0,0,0,0,1108,0,24
4,4,5,Tosin Adarabioyo,Fulham,23.2,1300,1235,58,47,2,12,2,7,0,0,0,0,1066,7,10
5,5,6,Nayef Aguerd,West Ham,17.7,763,723,36,29,0,21,0,0,0,0,0,0,599,4,5
6,6,7,Naouirou Ahamada,Crystal Palace,1.0,46,45,1,0,0,0,2,0,0,0,0,0,37,0,0
7,7,8,Rayan Aït Nouri,Wolves,12.0,578,487,89,5,0,2,21,81,3,1,2,0,470,2,18
8,8,9,Kristoffer Ajer,Brentford,8.5,345,293,51,7,0,4,6,44,0,0,0,0,259,1,8
9,9,10,Manuel Akanji,Manchester City,25.4,2056,1999,55,28,0,8,6,27,0,0,0,0,1912,2,8
10,10,11,Nathan Aké,Manchester City,20.8,1813,1685,126,35,1,6,15,91,0,0,0,0,1639,2,26
11,11,12,Marc Albrighton,Leicester City,2.6,148,130,17,1,1,0,28,7,7,1,3,2,89,1,10
12,12,13,Thiago Alcántara,Liverpool,13.9,1097,1063,31,23,8,15,3,6,0,0,0,0,946,3,22
13,13,14,Carlos Alcaraz,Southampton,11.4,290,279,9,1,2,4,4,1,0,0,0,0,222,2,10
14,14,15,Trent Alexander-Arnold,Liverpool,32.5,2912,2393,509,70,26,59,252,341,98,16,74,1,2188,10,37
15,15,16,Alisson,Liverpool,37.0,1453,1199,250,57,0,2,0,0,0,0,0,0,1241,4,1
16,16,17,Dele Alli,Everton,0.4,15,13,2,1,0,0,0,0,0,0,0,0,12,0,0
17,17,18,Miguel Almirón,Newcastle Utd,27.7,982,946,30,0,3,4,26,18,11,0,0,0,811,6,29
18,18,19,Julián Álvarez,Manchester City,16.3,503,478,21,2,7,3,26,4,4,3,0,0,395,4,17
19,19,20,Daniel Amartey,Leicester City,17.9,1114,1092,20,15,2,2,0,5,0,0,0,0,1015,2,2
20,20,21,Samuel Amo-Ameyaw,Southampton,0.0,6,6,0,0,0,0,0,0,0,0,0,0,5,0,0
21,21,22,Joachim Andersen,Crystal Palace,30.9,1972,1840,123,107,4,44,10,13,1,0,0,0,1561,9,13
22,22,23,Elliot Anderson,Newcastle Utd,4.6,198,193,3,0,1,0,9,2,1,0,0,0,150,2,10
23,23,24,Jaidon Anthony,Bournemouth,14.0,526,480,45,9,2,5,43,21,14,9,1,1,387,1,18
24,24,25,Michail Antonio,West Ham,20.3,348,335,12,1,1,1,35,8,0,0,0,0,186,1,18
25,26,26,Antony,Manchester Utd,20.0,819,804,15,1,3,2,32,13,1,0,0,0,651,0,29
26,27,27,Cameron Archer,Aston Villa,0.5,12,11,1,1,0,0,1,0,0,0,0,0,8,0,1
27,28,28,Alphonse Areola,West Ham,3.4,92,59,32,2,0,0,0,0,0,0,0,0,67,1,0
28,29,29,Joe Aribo,Southampton,13.6,385,376,9,0,0,0,8,2,0,0,0,0,280,0,16
29,30,30,Adam Armstrong,Southampton,14.8,302,267,35,0,0,4,14,3,0,0,0,0,220,0,21
30,31,31,Stuart Armstrong,Southampton,15.6,676,634,40,4,3,3,37,14,2,0,2,0,531,2,24
31,32,32,Kepa Arrizabalaga,Chelsea,28.5,1046,805,241,59,0,3,0,0,0,0,0,0,871,0,1
32,33,33,Pierre-Emerick Aubameyang,Chelsea,6.2,111,101,10,0,0,0,3,0,0,0,0,0,82,0,5
33,34,34,Ludwig Augustinsson,Aston Villa,0.9,43,34,9,1,0,0,5,8,0,0,0,0,26,0,0
34,35,35,Serge Aurier,Nott'ham Forest,21.6,943,758,183,16,1,0,40,167,0,0,0,0,667,2,28
35,36,36,Taiwo Awoniyi,Nott'ham Forest,15.6,223,220,3,0,2,1,3,1,0,0,0,0,143,0,9
36,37,37,Yasin Ayari,Brighton,0.7,23,22,0,0,1,0,0,0,0,0,0,0,20,1,0
37,38,38,André Ayew,Nott'ham Forest,3.5,73,68,5,0,0,0,1,0,1,0,0,0,53,0,0
38,39,39,Jordan Ayew,Crystal Palace,30.2,875,860,13,3,5,1,43,9,0,0,0,0,676,2,34
39,40,40,Luke Ayling,Leeds United,22.8,1132,912,212,22,0,11,62,190,0,0,0,0,786,8,46
40,41,41,César Azpilicueta,Chelsea,17.0,1065,893,169,30,0,0,26,139,0,0,0,0,872,3,14
41,42,42,Benoît Badiashile,Chelsea,10.1,860,840,19,17,1,6,2,2,0,0,0,0,769,1,4
42,43,43,Leon Bailey,Aston Villa,21.9,547,507,40,4,4,5,96,10,18,13,0,0,337,0,31
43,44,44,Stefan Bajcetic,Liverpool,5.8,258,255,3,3,0,3,5,0,0,0,0,0,200,0,6
44,45,45,Dominic Ballard,Southampton,0.3,7,5,2,0,0,0,0,1,0,0,0,0,5,0,0
45,46,46,Patrick Bamford,Leeds United,16.8,333,294,38,0,1,0,5,1,0,0,0,0,229,1,10
46,47,47,Shandon Baptiste,Brentford,6.9,295,287,6,1,2,0,11,3,2,2,0,0,247,2,7
47,48,48,Harvey Barnes,Leicester City,30.1,786,769,10,0,5,1,44,8,0,0,0,0,549,7,31
48,49,49,Gavin Bazunu,Southampton,32.0,1178,847,325,88,0,1,0,0,0,0,0,0,718,6,0
49,50,50,Mads Bech Sørensen,Brentford,0.2,11,7,4,0,0,0,0,4,0,0,0,0,7,0,0
50,52,51,Jan Bednarek,Southampton,18.6,902,849,52,35,0,3,1,12,0,0,0,0,753,1,8
51,53,52,Jan Bednarek,Aston Villa,1.1,66,64,2,2,0,0,0,0,0,0,0,0,60,0,1
52,54,53,Donny van de Beek,Manchester Utd,1.9,61,56,3,0,0,0,0,0,1,0,0,0,46,2,4
53,55,54,Asmir Begović,Everton,1.0,30,21,9,1,0,0,0,0,0,0,0,0,21,0,0
54,56,55,Armel Bella Kotchap,Southampton,20.9,937,908,28,21,1,9,4,5,0,0,0,0,749,1,12
55,57,56,Saïd Benrahma,West Ham,23.0,796,771,20,1,5,2,83,8,4,4,0,0,597,5,29
56,58,57,Rodrigo Bentancur,Tottenham,16.7,880,852,25,11,3,3,16,4,1,0,0,0,738,3,19
57,59,58,Daniel Bentley,Wolves,2.0,80,52,28,5,0,0,0,0,0,0,0,0,61,0,0
58,60,59,Victor Bernth Kristiansen,Leicester City,9.9,496,376,117,6,1,0,29,100,11,6,4,0,327,3,16
59,61,60,Owen Bevan,Bournemouth,0.1,3,3,0,0,0,0,0,0,0,0,0,0,2,0,1
60,62,61,Giulian Biancone,Nott'ham Forest,0.2,21,19,2,0,0,0,1,2,0,0,0,0,15,0,0
61,63,62,Philip Billing,Bournemouth,30.7,1055,1009,43,20,5,10,38,6,10,5,1,0,813,3,32
62,64,63,Yves Bissouma,Tottenham,11.2,733,714,16,11,1,5,2,1,0,0,0,0,666,3,12
63,65,64,Willy Boly,Nott'ham Forest,7.6,258,254,4,3,0,0,0,1,0,0,0,0,194,0,3
64,66,65,Sven Botman,Newcastle Utd,34.7,1765,1717,42,32,0,30,1,4,0,0,0,0,1527,6,7
65,67,66,Jarrod Bowen,West Ham,35.9,881,768,109,11,6,4,159,3,90,85,0,0,552,4,58
66,68,67,James Bree,Southampton,4.1,178,150,28,2,0,1,13,26,0,0,0,0,133,0,4
67,69,68,Armando Broja,Chelsea,3.3,53,51,2,0,0,1,0,0,0,0,0,0,33,0,0
68,70,69,David Brooks,Bournemouth,1.9,63,61,2,0,0,0,6,0,2,1,1,0,46,0,3
69,71,70,Lewis Brunt,Leicester City,0.3,21,16,5,0,0,0,0,5,0,0,0,0,17,0,1
70,72,71,Emi Buendía,Aston Villa,26.8,1020,954,63,7,11,7,18,7,5,2,0,1,787,3,38
71,73,72,Hugo Bueno,Wolves,14.6,679,536,140,9,0,0,60,113,18,2,16,0,547,3,21
72,74,73,Facundo Buonanotte,Brighton,6.3,194,190,4,1,0,1,7,1,2,2,0,0,157,0,5
73,75,74,Dan Burn,Newcastle Utd,34.6,1715,1437,275,17,0,7,17,257,0,0,0,0,1361,3,29
74,76,75,Cafú,Nott'ham Forest,0.1,2,2,0,0,0,0,0,0,0,0,0,0,2,0,0
75,78,76,Moisés Caicedo,Brighton,34.9,2251,2214,37,12,11,9,17,25,0,0,0,0,1993,0,38
76,79,77,Tom Cairney,Fulham,11.0,750,715,33,9,2,4,37,4,17,7,3,0,632,2,13
77,80,78,Duje Ćaleta-Car,Southampton,10.5,568,542,22,17,0,3,1,1,0,0,0,0,480,4,1
78,81,79,Dominic Calvert-Lewin,Everton,12.9,221,220,1,0,0,1,6,0,0,0,0,0,131,0,9
79,82,80,Chem Campbell,Wolves,0.8,32,31,1,0,0,0,4,0,1,1,0,0,23,0,1
80,83,81,João Cancelo,Manchester City,14.2,1220,1120,98,20,2,14,45,78,0,0,0,0,1036,2,15
81,84,82,Thomas Cannon,Everton,0.3,5,4,1,0,0,0,0,0,0,0,0,0,4,0,0
82,85,83,Sergi Canós,Brentford,0.9,43,39,3,1,0,0,3,2,0,0,0,0,23,1,0
83,86,84,Diego Carlos,Aston Villa,2.3,142,136,5,4,0,1,1,1,0,0,0,0,112,1,1
84,87,85,Fabio Carvalho,Liverpool,3.9,143,140,2,0,0,0,2,1,0,0,0,0,117,1,3
85,88,86,Casemiro,Manchester Utd,23.6,1439,1408,24,22,12,13,19,1,0,0,0,0,1114,7,29
86,89,87,Matty Cash,Aston Villa,20.2,1006,809,194,18,2,6,46,176,0,0,0,0,777,3,24
87,90,88,Timothy Castagne,Leicester City,36.2,1836,1545,287,17,3,2,58,270,0,0,0,0,1470,4,43
88,91,89,Jonny Castro,Wolves,14.0,832,698,132,12,3,1,18,120,0,0,0,0,701,2,23
89,92,90,Julio César Enciso,Brighton,9.0,258,249,8,0,3,1,12,3,0,0,0,0,179,1,5
90,93,91,Nathaniel Chalobah,Fulham,0.1,5,5,0,0,0,0,0,0,0,0,0,0,4,0,0
91,94,92,Trevoh Chalobah,Chelsea,17.9,1200,1132,66,23,0,4,13,43,0,0,0,0,1051,2,11
92,95,93,Calum Chambers,Aston Villa,3.9,207,191,13,4,0,1,4,9,0,0,0,0,157,3,1
93,96,94,Shea Charles,Manchester City,0.3,25,22,3,1,0,0,0,1,0,0,0,0,23,0,1
94,97,95,Ben Chilwell,Chelsea,15.6,977,774,198,25,2,5,92,121,52,25,20,0,762,5,18
95,98,96,Ryan Christie,Bournemouth,20.4,651,621,28,3,6,7,32,4,20,11,5,0,521,2,16
96,99,97,Carney Chukwuemeka,Chelsea,3.9,203,202,1,0,0,2,3,0,0,0,0,0,179,0,6
97,100,98,Bobby Clark,Liverpool,0.1,1,1,0,0,0,0,0,0,0,0,0,0,1,0,0
98,101,99,Nathaniel Clyne,Crystal Palace,18.2,832,674,156,7,0,3,21,149,0,0,0,0,654,2,12
99,102,100,Conor Coady,Everton,23.3,1209,1169,35,31,1,10,1,3,0,0,0,0,1025,5,1
100,104,101,Jack Colback,Nott'ham Forest,5.5,143,139,4,2,0,0,1,1,0,0,0,0,119,0,3
101,105,102,Séamus Coleman,Everton,18.4,789,615,174,10,0,3,22,164,0,0,0,0,597,0,20
102,106,103,Nathan Collins,Wolves,20.2,1138,1112,23,17,0,9,0,6,0,0,0,0,1001,3,5
103,107,104,Levi Colwill,Brighton,13.6,1165,1096,64,27,2,1,1,11,0,0,0,0,1027,5,6
104,108,105,Lewis Cook,Bournemouth,19.1,751,692,56,32,1,3,45,0,15,15,0,0,593,3,20
105,109,106,Steve Cook,Nott'ham Forest,10.6,459,445,13,11,0,6,1,2,0,0,0,0,369,1,2
106,110,107,Liam Cooper,Leeds United,15.8,789,756,33,29,0,8,1,4,0,0,0,0,620,0,3
107,111,108,Maxwel Cornet,West Ham,2.7,97,93,2,0,0,0,6,1,0,0,0,0,72,2,7
108,112,109,Diego Costa,Wolves,13.8,221,204,17,1,1,0,6,0,1,0,0,0,158,0,13
109,113,110,Vladimír Coufal,West Ham,23.7,1174,907,260,16,0,0,113,244,0,0,0,0,730,7,47
110,114,111,Philippe Coutinho,Aston Villa,8.8,384,352,30,13,5,1,19,5,6,3,1,0,288,2,7
111,115,112,Conor Coventry,West Ham,0.0,0,0,0,0,0,0,0,0,0,0,0,0,0,0,0
112,116,113,Matthew Craig,Tottenham,0.2,6,6,0,0,0,0,0,0,0,0,0,0,5,0,0
113,117,114,Aaron Cresswell,West Ham,24.8,1448,1157,288,40,1,5,133,192,56,5,44,1,1127,3,35
114,118,115,Marc Cucurella,Chelsea,18.6,1293,1093,192,28,0,2,44,151,13,8,3,0,1090,8,26
115,119,116,Matheus Cunha,Wolves,10.7,234,214,19,1,1,0,8,3,0,0,0,0,171,1,7
116,120,117,Patson Daka,Leicester City,13.2,295,264,29,0,5,0,8,10,0,0,0,0,195,2,11
117,121,118,Diogo Dalot,Manchester Utd,23.9,1441,1216,219,17,3,20,44,202,0,0,0,0,1141,6,35
118,122,119,Mikkel Damsgaard,Brentford,11.0,407,387,14,8,5,2,29,1,2,1,1,0,275,6,12
119,123,120,Danilo,Nott'ham Forest,10.8,235,225,7,0,2,1,3,2,0,0,0,0,148,3,18
120,124,121,Arnaut Danjuma,Tottenham,1.9,56,56,0,0,0,0,2,0,0,0,0,0,39,0,4
121,125,122,Josh Dasilva,Brentford,15.4,617,591,25,8,1,1,33,11,6,4,0,0,491,1,17
122,126,123,Ben Davies,Tottenham,25.4,1281,1190,87,27,1,8,35,60,0,0,0,0,1040,4,22
123,127,124,Tom Davies,Everton,6.0,234,227,6,5,3,3,2,1,0,0,0,0,173,1,6
124,128,125,Craig Dawson,West Ham,8.0,310,299,9,8,0,2,2,1,0,0,0,0,245,2,3
125,130,126,Craig Dawson,Wolves,15.7,926,897,27,22,0,4,0,5,0,0,0,0,780,2,3
126,131,127,Kevin De Bruyne,Manchester City,26.9,1626,1454,160,53,28,27,226,31,72,20,32,6,1192,12,41
127,132,128,Siriki Dembélé,Bournemouth,1.2,47,45,2,0,0,0,3,2,0,0,0,0,37,0,1
128,133,129,Leander Dendoncker,Aston Villa,7.7,284,278,5,4,0,0,2,1,0,0,0,0,248,1,5
129,134,130,Leander Dendoncker,Wolves,2.4,99,96,3,3,0,2,1,0,0,0,0,0,86,0,5
130,135,131,Emmanuel Dennis,Nott'ham Forest,8.0,183,178,4,0,0,0,11,3,0,0,0,0,124,1,14
131,136,132,Halil Dervişoğlu,Brentford,0.1,0,0,0,0,0,0,0,0,0,0,0,0,0,0,0
132,137,133,Kiernan Dewsbury-Hall,Leicester City,25.6,1154,1120,24,9,9,20,46,3,7,7,0,0,872,10,26
133,138,134,Ibrahima Diallo,Southampton,9.1,402,395,7,7,0,2,4,0,0,0,0,0,317,0,9
134,139,135,Rúben Dias,Manchester City,22.2,2080,2029,51,38,1,6,1,7,0,0,0,0,1928,0,7
135,140,136,Luis Díaz,Liverpool,11.1,462,453,7,0,0,7,8,6,1,0,0,0,376,2,15
136,141,137,Eric Dier,Tottenham,31.3,2001,1929,68,58,2,17,11,8,0,0,0,0,1708,4,15
137,142,138,Lucas Digne,Aston Villa,16.7,927,749,177,23,0,4,77,142,12,5,4,0,696,1,23
138,143,139,Issa Diop,Fulham,22.4,1399,1352,46,41,0,8,2,1,0,0,0,0,1216,1,8
139,144,140,Moussa Djenepo,Southampton,7.9,244,216,27,3,0,2,12,24,0,0,0,0,179,1,11
140,145,141,Ben Doak,Liverpool,0.3,14,14,0,0,0,0,0,0,0,0,0,0,10,0,1
141,146,142,Matt Doherty,Tottenham,7.4,408,345,61,2,0,1,18,59,0,0,0,0,329,2,8
142,147,143,Gabriel Dos Santos,Arsenal,37.9,2411,2318,89,60,1,11,5,6,0,0,0,0,2155,4,19
143,148,144,Abdoulaye Doucouré,Everton,17.0,548,530,16,0,1,0,8,0,0,0,0,0,430,2,14
144,149,145,Cheick Doucouré,Crystal Palace,30.8,1247,1229,16,16,3,2,6,0,0,0,0,0,1038,2,30
145,150,146,Flynn Downes,West Ham,8.5,331,323,7,2,0,2,3,0,0,0,0,0,289,1,6
146,151,147,Kami Doyle,Southampton,0.1,5,5,0,0,0,0,0,0,0,0,0,0,5,0,0
147,152,148,Cody Drameh,Leeds United,0.8,38,31,7,1,0,0,1,6,0,0,0,0,30,0,1
148,153,149,Martin Dúbravka,Newcastle Utd,1.7,54,38,16,1,0,0,0,0,0,0,0,0,49,0,0
149,154,150,Shane Duffy,Fulham,0.2,20,19,1,0,0,0,0,0,0,0,0,0,16,0,0
150,156,151,Lewis Dunk,Brighton,36.0,3223,3064,156,111,4,21,2,10,0,0,0,0,2911,3,13
151,157,152,Jhon Durán,Aston Villa,1.5,29,26,3,0,0,0,2,1,0,0,0,0,16,0,1
152,158,153,Malcolm Ebiowei,Crystal Palace,0.4,10,10,0,0,0,0,3,0,0,0,0,0,5,0,2
153,159,154,Ederson,Manchester City,35.0,1257,1049,207,55,1,8,0,0,0,0,0,0,1079,1,1
154,160,155,Odsonne Édouard,Crystal Palace,20.0,412,390,20,0,1,0,4,0,0,0,0,0,295,2,12
155,161,156,Samuel Edozie,Southampton,6.3,164,163,0,0,1,0,11,0,0,0,0,0,111,1,12
156,162,157,Anthony Elanga,Manchester Utd,4.7,130,127,3,0,0,1,7,2,0,0,0,0,95,0,2
157,163,158,Harvey Elliott,Liverpool,17.9,1009,962,39,0,8,4,34,10,2,1,0,0,809,8,24
158,164,159,Mohamed Elneny,Arsenal,1.3,60,58,2,2,0,0,0,0,0,0,0,0,57,0,1
159,165,160,Mohamed Elyounoussi,Southampton,24.1,633,610,21,2,7,1,34,16,1,1,0,0,426,2,22
160,166,161,Emerson,Tottenham,19.3,1060,884,170,23,2,6,46,146,1,0,0,0,848,6,37
161,167,162,Christian Eriksen,Manchester Utd,22.8,1485,1373,106,32,9,20,81,7,62,27,16,2,1203,6,28
162,168,163,Pervis Estupiñán,Brighton,29.7,1926,1687,234,31,5,8,101,199,4,0,3,0,1576,5,57
163,169,164,Jonny Evans,Leicester City,11.7,789,764,24,23,0,2,0,1,0,0,0,0,690,1,4
164,170,165,Eberechi Eze,Crystal Palace,29.3,1178,1019,149,70,11,5,78,7,51,22,12,1,923,10,15
165,171,166,Łukasz Fabiański,West Ham,34.6,930,587,339,90,0,2,0,0,0,0,0,0,598,4,0
166,172,167,Fabinho,Liverpool,29.7,1832,1789,38,31,5,6,5,7,0,0,0,0,1617,5,18
167,173,168,Wout Faes,Leicester City,31.0,1846,1789,54,48,2,9,0,1,0,0,0,0,1581,3,10
168,174,169,Felipe,Nott'ham Forest,15.8,568,545,20,13,0,3,2,7,0,0,0,0,411,3,11
169,175,170,João Félix,Chelsea,10.5,356,314,39,5,5,4,19,5,12,2,9,0,274,3,9
170,176,171,Evan Ferguson,Brighton,10.6,225,203,21,0,1,0,2,0,0,0,0,0,180,1,3
171,177,172,Bruno Fernandes,Manchester Utd,36.8,2029,1838,181,32,35,36,140,24,82,20,23,1,1498,10,65
172,178,173,Enzo Fernández,Chelsea,17.2,1440,1381,56,51,11,17,14,2,3,1,1,0,1269,3,13
173,179,174,Roberto Firmino,Liverpool,13.5,566,548,16,1,8,0,12,6,0,0,0,0,444,2,21
174,180,175,Junior Firpo,Leeds United,15.2,621,505,114,8,1,1,12,106,0,0,0,0,454,2,18
175,182,176,Phil Foden,Manchester City,20.5,1111,1046,61,9,4,4,91,13,39,4,26,2,904,4,32
176,183,177,Datro Fofana,Chelsea,0.8,9,9,0,0,1,0,1,0,0,0,0,0,7,0,0
177,184,178,Wesley Fofana,Leicester City,2.0,140,138,1,1,0,0,0,0,0,0,0,0,117,1,3
178,185,179,Wesley Fofana,Chelsea,13.1,872,842,29,23,0,3,3,6,0,0,0,0,779,1,4
179,186,180,Pablo Fornals,West Ham,16.7,772,719,49,6,7,10,60,7,22,19,2,0,557,4,22
180,187,181,Adam Forshaw,Leeds United,5.3,244,222,22,7,0,2,20,2,9,6,2,0,196,0,4
181,188,182,Fraser Forster,Tottenham,13.5,363,241,121,28,0,0,0,0,0,0,0,0,266,1,1
182,189,183,Tyrese Francois,Fulham,0.0,2,2,0,0,0,0,0,0,0,0,0,0,2,0,0
183,190,184,Ryan Fraser,Newcastle Utd,3.5,122,112,7,2,0,0,13,2,3,0,1,0,85,3,4
184,191,185,Fred,Manchester Utd,13.9,781,761,16,9,7,1,14,1,3,0,1,0,618,4,26
185,192,186,Ryan Fredericks,Bournemouth,5.9,220,177,43,1,0,0,15,42,0,0,0,0,149,0,11
186,193,187,Remo Freuler,Nott'ham Forest,24.0,836,812,23,20,0,2,5,2,0,0,0,0,664,1,17
187,194,188,Cody Gakpo,Liverpool,16.2,392,381,9,0,3,0,17,2,4,3,0,0,293,2,11
188,195,189,Conor Gallagher,Chelsea,18.0,871,818,50,13,1,6,49,10,21,9,7,0,706,3,29
189,196,190,Idrissa Gana Gueye,Everton,28.6,1226,1205,17,13,1,4,10,3,0,0,0,0,1025,4,23
190,197,191,Alejandro Garnacho,Manchester Utd,6.3,187,187,0,0,0,2,2,0,0,0,0,0,150,0,7
191,198,192,James Garner,Everton,8.9,353,310,41,6,0,2,37,16,17,15,2,0,256,2,9
192,199,193,David de Gea,Manchester Utd,38.0,1218,968,243,64,1,3,0,0,0,0,0,0,866,7,1
193,200,194,Joe Gelhardt,Leeds United,2.4,67,62,3,0,1,0,1,0,0,0,0,0,43,2,4
194,201,195,Saman Ghoddos,Brentford,1.5,79,68,11,3,1,0,7,3,4,1,3,0,59,0,1
195,202,196,Morgan Gibbs-White,Wolves,2.0,95,88,7,2,0,1,8,1,4,0,3,0,75,0,2
196,203,197,Morgan Gibbs-White,Nott'ham Forest,33.0,1078,891,171,62,16,8,161,5,94,43,44,1,659,16,30
197,204,198,Bryan Gil,Tottenham,1.6,60,57,3,1,0,0,2,1,0,0,0,0,47,0,3
198,205,199,Billy Gilmour,Brighton,5.6,408,403,2,2,2,1,2,0,0,0,0,0,364,3,3
199,206,200,Degnand Gnonto,Leeds United,15.0,512,482,26,1,4,0,42,13,10,2,1,0,370,4,35
200,208,201,Ben Godfrey,Everton,8.9,281,232,48,1,0,0,7,47,0,0,0,0,182,1,9
201,209,202,João Gomes,Wolves,7.3,322,307,14,11,0,3,8,1,1,0,0,0,250,1,9
202,210,203,Toti Gomes,Wolves,10.9,555,499,55,7,0,5,9,48,0,0,0,0,460,1,5
203,211,204,Joe Gomez,Liverpool,16.3,1361,1316,39,6,2,11,4,30,0,0,0,0,1166,6,5
204,212,205,Sergio Gómez,Manchester City,3.9,317,287,30,5,0,0,8,22,3,0,3,0,279,0,7
205,213,206,Anthony Gordon,Newcastle Utd,5.4,198,191,4,1,2,0,9,1,2,2,0,0,162,3,4
206,214,207,Anthony Gordon,Everton,12.2,280,272,7,0,1,1,25,1,2,2,0,0,193,1,10
207,215,208,Demarai Gray,Everton,27.9,838,666,172,57,2,8,173,7,74,53,20,0,579,0,38
208,216,209,Jack Grealish,Manchester City,22.8,1072,1011,56,7,6,8,53,25,24,12,0,1,902,5,35
209,217,210,Sam Greenwood,Leeds United,4.7,186,143,43,15,0,1,43,2,26,13,13,0,107,0,2
210,218,211,Pascal Groß,Brighton,36.0,2347,2004,333,87,9,20,224,86,140,60,60,2,1879,10,50
211,219,212,Vicente Guaita,Crystal Palace,27.0,845,590,251,45,0,4,0,0,0,0,0,0,610,4,0
212,220,213,Gonçalo Guedes,Wolves,7.9,201,182,19,2,0,4,27,2,14,3,8,2,138,0,8
213,221,214,Marc Guéhi,Crystal Palace,37.0,2208,2124,79,75,3,29,0,2,0,0,0,0,1883,5,12
214,222,215,Bruno Guimarães,Newcastle Utd,30.3,1668,1617,42,34,25,20,22,5,3,0,0,0,1387,9,29
215,223,216,İlkay Gündoğan,Manchester City,26.1,1578,1519,56,24,18,6,30,5,21,7,4,1,1374,3,27
216,224,217,Darko Gyabi,Leeds United,0.1,4,4,0,0,0,0,0,0,0,0,0,0,4,0,0
217,225,218,Erling Haaland,Manchester City,30.8,500,449,45,0,4,0,12,2,1,0,0,0,360,6,21
218,226,219,Lewis Hall,Chelsea,7.3,428,370,57,7,0,3,34,37,13,12,0,0,344,1,8
219,227,220,Luke Harris,Fulham,0.1,14,14,0,0,0,0,1,0,0,0,0,0,13,0,0
220,228,221,Jack Harrison,Leeds United,30.1,1150,1012,131,38,4,11,186,24,68,34,21,3,732,7,55
221,229,222,Kai Havertz,Chelsea,28.5,894,850,41,5,2,4,14,9,1,0,0,0,727,3,24
222,230,223,Jan Paul van Hecke,Brighton,3.3,248,242,5,4,0,0,0,1,0,0,0,0,232,1,3
223,231,224,Hwang Hee-chan,Wolves,12.6,280,266,13,1,2,1,10,5,0,0,0,0,214,1,9
224,232,225,Dean Henderson,Nott'ham Forest,18.0,671,455,214,58,0,0,0,0,0,0,0,0,425,2,0
225,234,226,Jordan Henderson,Liverpool,23.0,1615,1554,53,12,9,11,45,17,0,0,0,0,1341,8,32
226,235,227,Wayne Hennessey,Nott'ham Forest,3.0,99,63,34,9,0,0,0,0,0,0,0,0,61,2,0
227,236,228,Rico Henry,Brentford,36.0,1203,1059,138,1,4,2,87,137,0,0,0,0,876,6,21
228,237,229,Son Heung-min,Tottenham,32.1,909,780,123,23,5,0,113,5,83,36,30,0,680,6,28
229,238,230,Aaron Hickey,Brentford,21.3,838,743,93,11,2,1,27,82,0,0,0,0,695,2,17
230,239,231,Jack Hinshelwood,Brighton,0.0,3,3,0,0,0,0,0,0,0,0,0,0,1,0,0
231,240,232,Joseph Hodge,Wolves,1.9,100,96,2,0,0,0,1,2,0,0,0,0,80,2,4
232,241,233,Rob Holding,Arsenal,6.3,442,430,10,8,1,2,0,2,0,0,0,0,382,2,3
233,242,234,Mason Holgate,Everton,5.6,217,191,24,7,1,5,2,17,0,0,0,0,143,2,2
234,243,235,Will Hughes,Crystal Palace,9.4,373,355,16,7,1,0,12,2,4,2,2,0,296,2,12
235,244,236,Omari Hutchinson,Chelsea,0.3,12,12,0,0,0,0,2,0,0,0,0,0,8,0,1
236,245,237,Pierre Højbjerg,Tottenham,34.8,2292,2206,81,56,10,39,15,16,1,0,0,0,2021,5,28
237,246,238,Kelechi Iheanacho,Leicester City,12.5,316,304,9,0,4,3,6,2,2,0,0,0,236,3,12
238,247,239,Danny Ings,West Ham,8.6,148,146,2,0,3,1,0,0,0,0,0,0,92,0,8
239,248,240,Danny Ings,Aston Villa,9.2,162,152,10,0,4,0,4,0,0,0,0,0,114,0,6
240,249,241,Alexander Isak,Newcastle Utd,16.9,368,338,25,1,8,2,7,4,1,0,0,0,279,5,12
241,250,242,Daniel Iversen,Leicester City,12.0,377,214,161,47,0,1,0,0,0,0,0,0,212,2,1
242,251,243,Alex Iwobi,Everton,37.5,1536,1469,58,3,14,13,104,31,17,14,1,0,1154,9,46
243,252,244,Daniel James,Leeds United,2.2,40,40,0,0,0,0,6,0,0,0,0,0,24,0,4
244,253,245,Daniel James,Fulham,6.9,186,182,4,0,0,0,26,4,0,0,0,0,120,0,16
245,254,246,Reece James,Chelsea,13.8,1051,896,151,26,0,5,91,104,21,12,6,0,891,4,16
246,255,247,Vitaly Janelt,Brentford,24.5,1020,986,29,12,3,17,22,16,1,1,0,0,812,5,21
247,256,248,Pontus Jansson,Brentford,8.0,321,309,11,6,1,0,0,5,0,0,0,0,257,1,3
248,257,249,Mathias Jensen,Brentford,31.1,1566,1158,401,84,5,28,158,184,76,37,18,7,1088,7,25
249,258,250,Gabriel Jesus,Arsenal,22.9,699,635,62,4,4,5,11,12,0,0,0,0,561,2,19
250,260,251,Raúl Jiménez,Wolves,9.4,198,173,25,0,1,2,5,4,0,0,0,0,140,0,5
251,261,252,Joelinton,Newcastle Utd,29.6,1268,1227,38,14,3,4,16,19,4,0,0,0,1035,3,40
252,262,253,Ben Johnson,West Ham,9.6,535,463,71,7,0,7,16,62,0,0,0,0,395,1,12
253,263,254,Brennan Johnson,Nott'ham Forest,32.6,505,480,23,0,0,2,58,4,1,1,0,0,291,2,27
254,264,255,Sam Johnstone,Crystal Palace,9.0,280,213,66,20,0,0,0,0,0,0,0,0,207,1,0
255,265,256,Curtis Jones,Liverpool,11.5,677,664,12,2,5,3,9,9,0,0,0,0,611,1,7
256,266,257,Jorginho,Arsenal,9.5,736,718,16,16,5,2,2,0,0,0,0,0,641,2,8
257,267,258,Jorginho,Chelsea,14.2,884,853,28,27,2,3,2,1,0,0,0,0,749,3,11
258,268,259,Mateo Joseph,Leeds United,0.3,3,3,0,0,0,0,0,0,0,0,0,0,2,0,0
259,269,260,Diogo Jota,Liverpool,12.6,381,379,2,0,3,1,8,0,0,0,0,0,286,0,14
260,270,261,Hamed Junior Traorè,Bournemouth,4.7,178,149,28,8,5,0,41,1,18,13,2,2,109,1,4
261,271,262,James Justin,Leicester City,13.9,819,687,130,16,0,4,21,114,0,0,0,0,667,2,19
262,272,263,Mathias Jørgensen,Brentford,12.3,503,437,65,6,0,0,3,55,0,0,0,0,404,1,2
263,273,264,Sasa Kalajdzic,Wolves,0.5,4,4,0,0,0,0,0,0,0,0,0,0,2,0,1
264,274,265,Boubacar Kamara,Aston Villa,19.7,941,907,34,32,2,10,1,0,0,0,0,0,798,0,20
265,275,266,Harry Kane,Tottenham,37.8,921,853,60,14,20,18,37,25,0,0,0,0,642,8,39
266,276,267,N'Golo Kanté,Chelsea,5.8,338,336,0,0,2,1,11,0,0,0,0,0,271,2,12
267,277,268,Michael Keane,Everton,10.9,441,429,9,3,0,0,4,6,0,0,0,0,305,3,8
268,278,269,Neeskens Kebano,Fulham,8.5,212,206,6,2,0,1,24,0,4,0,1,0,155,0,16
269,279,270,Thilo Kehrer,West Ham,24.8,1112,992,116,24,1,6,23,91,0,0,0,0,927,4,14
270,280,271,Naby Keïta,Liverpool,3.3,168,161,6,1,0,0,2,1,0,0,0,0,129,1,7
271,281,272,Caoimhín Kelleher,Liverpool,1.0,24,22,2,0,0,0,0,0,0,0,0,0,23,0,0
272,282,273,Lloyd Kelly,Bournemouth,22.7,1164,1020,140,29,2,11,14,109,0,0,0,0,934,4,12
273,283,274,Max Kilman,Wolves,36.7,2107,2069,29,28,0,31,5,1,0,0,0,0,1748,9,20
274,284,275,Jakub Kiwior,Arsenal,4.7,205,192,13,5,1,1,1,8,0,0,0,0,177,0,4
275,286,276,Mateusz Klich,Leeds United,3.1,148,139,9,2,0,0,8,4,3,1,1,0,108,0,7
276,287,277,Robin Koch,Leeds United,35.3,1594,1544,46,46,2,5,1,0,0,0,0,0,1229,4,25
277,288,278,Ibrahima Konaté,Liverpool,17.2,1135,1115,19,16,2,6,1,3,0,0,0,0,988,1,5
278,289,279,Ezri Konsa,Aston Villa,36.9,1898,1806,88,60,1,6,4,18,0,0,0,0,1681,4,14
279,290,280,Kalidou Koulibaly,Chelsea,20.0,1471,1421,45,33,0,15,4,12,0,0,0,0,1275,5,12
280,291,281,Cheikhou Kouyaté,Nott'ham Forest,9.8,246,241,4,4,0,1,0,0,0,0,0,0,185,1,7
281,292,282,Mateo Kovačić,Chelsea,19.0,1319,1289,29,26,10,10,6,3,0,0,0,0,1130,1,25
282,293,283,Emil Krafth,Newcastle Utd,0.0,0,0,0,0,0,0,0,0,0,0,0,0,0,0,0
283,294,284,Dejan Kulusevski,Tottenham,23.0,746,684,61,1,5,3,62,7,23,6,3,0,582,1,26
284,295,285,Layvin Kurzawa,Fulham,1.5,41,29,12,0,0,0,2,12,0,0,0,0,28,0,2
285,296,286,Adam Lallana,Brighton,8.0,317,304,11,2,0,0,3,2,1,0,0,0,262,2,5
286,297,287,Tariq Lamptey,Brighton,5.0,302,258,44,5,1,1,31,39,0,0,0,0,239,0,6
287,298,288,Manuel Lanzini,West Ham,2.8,175,173,2,0,0,0,2,0,0,0,0,0,146,0,5
288,299,289,Aymeric Laporte,Manchester City,11.0,964,926,37,21,1,6,6,10,0,0,0,0,892,1,5
289,300,290,Juan Larios,Southampton,1.7,82,59,23,0,0,0,4,23,0,0,0,0,63,0,2
290,301,291,Jamaal Lascelles,Newcastle Utd,2.4,93,93,0,0,0,0,0,0,0,0,0,0,79,0,0
291,302,292,Roméo Lavia,Southampton,24.7,997,985,10,5,5,9,3,1,4,0,0,2,859,2,22
292,303,293,Dexter Lembikisa,Wolves,0.3,13,12,1,0,0,0,1,1,0,0,0,0,10,0,2
293,304,294,Mario Lemina,Wolves,14.4,651,645,5,5,1,4,3,0,0,0,0,0,566,1,9
294,305,295,Clément Lenglet,Tottenham,22.4,1465,1431,29,22,5,20,16,6,0,0,0,0,1270,5,11
295,306,296,Bernd Leno,Fulham,36.0,1397,1041,354,112,0,2,0,0,0,0,0,0,1110,2,0
296,307,297,Jefferson Lerma,Bournemouth,36.1,1611,1551,59,46,7,7,11,11,0,0,0,0,1317,1,24
297,308,298,Jamal Lewis,Newcastle Utd,0.1,14,14,0,0,0,0,0,0,0,0,0,0,12,0,1
298,309,299,Rico Lewis,Manchester City,10.0,675,633,41,7,1,0,5,31,0,0,0,0,617,1,9
299,310,300,Keane Lewis-Potter,Brentford,3.6,86,83,3,0,1,1,8,2,0,0,0,0,49,0,3
300,312,301,Victor Lindelöf,Manchester Utd,15.2,930,905,25,13,2,1,1,1,0,0,0,0,866,0,1
301,313,302,Jesse Lingard,Nott'ham Forest,10.3,297,271,24,7,1,4,5,8,0,0,0,0,236,2,5
302,314,303,Valentino Livramento,Southampton,0.3,26,18,8,1,0,0,0,7,0,0,0,0,21,0,1
303,315,304,Diego Llorente,Leeds United,7.2,429,417,11,10,0,4,1,0,0,0,0,0,356,1,2
304,316,305,Hugo Lloris,Tottenham,24.5,728,513,212,26,0,0,0,0,0,0,0,0,561,3,1
305,317,306,Renan Lodi,Nott'ham Forest,24.6,877,684,189,44,0,3,75,130,15,12,2,0,583,4,29
306,318,307,Ruben Loftus-Cheek,Chelsea,17.1,907,858,44,11,1,6,19,32,0,0,0,0,782,5,20
307,319,308,Sean Longstaff,Newcastle Utd,28.0,1163,1118,41,7,7,6,30,4,3,0,0,0,943,4,31
308,320,309,Jamal Lowe,Bournemouth,0.1,4,4,0,0,0,0,0,0,0,0,0,0,2,0,1
309,321,310,Douglas Luiz,Aston Villa,32.5,1812,1593,216,120,6,10,106,6,89,53,13,1,1494,3,16
310,322,311,Saša Lukić,Fulham,4.6,218,211,7,7,0,0,2,0,0,0,0,0,192,0,0
311,323,312,Lyanco,Southampton,13.1,558,494,63,15,3,6,7,48,0,0,0,0,400,1,7
312,324,313,Alexis Mac Allister,Brighton,32.1,1844,1785,52,35,15,11,29,5,12,7,4,0,1586,7,43
313,325,314,James Maddison,Leicester City,27.6,1150,998,142,60,13,8,123,4,69,37,20,3,844,10,29
314,326,315,Noni Madueke,Chelsea,7.1,286,278,8,0,0,0,19,7,1,1,0,0,223,0,9
315,327,316,Harry Maguire,Manchester Utd,8.5,577,564,12,11,0,9,1,1,0,0,0,0,491,1,3
316,328,317,Riyad Mahrez,Manchester City,21.3,1166,1028,138,36,10,7,96,37,65,26,20,1,958,0,18
317,329,318,Kobbie Mainoo,Manchester Utd,0.1,8,8,0,0,0,0,0,0,0,0,0,0,7,0,0
318,330,319,Ainsley Maitland-Niles,Southampton,15.6,713,633,77,11,2,3,20,66,0,0,0,0,565,3,12
319,331,320,Tyrell Malacia,Manchester Utd,15.5,802,670,130,11,0,5,15,117,2,2,0,0,694,2,16
320,332,321,Orel Mangala,Nott'ham Forest,17.2,514,508,4,3,1,1,6,0,0,0,0,0,411,2,11
321,333,322,Javier Manquillo,Newcastle Utd,0.4,29,25,4,1,0,0,1,3,0,0,0,0,24,0,0
322,334,323,Sekou Mara,Southampton,6.2,107,102,2,0,1,0,1,0,0,0,0,0,68,3,4
323,335,324,Solly March,Brighton,30.2,1312,1168,142,14,3,29,155,54,71,33,21,0,951,2,36
324,336,325,Emiliano Marcondes,Bournemouth,0.1,1,1,0,0,0,0,0,0,0,0,0,0,1,0,0
325,338,326,Marquinhos,Arsenal,0.0,3,3,0,0,0,0,0,0,0,0,0,0,2,0,0
326,339,327,Anthony Martial,Manchester Utd,10.9,328,314,12,3,3,0,4,2,0,0,0,0,263,2,14
327,340,328,Martinelli,Arsenal,31.0,1107,1013,88,12,8,2,113,11,63,40,0,0,833,6,44
328,341,329,Emiliano Martínez,Aston Villa,34.9,1388,1043,340,128,1,5,0,0,0,0,0,0,1026,5,1
329,342,330,Lisandro Martínez,Manchester Utd,23.5,1528,1401,122,34,7,16,0,5,0,0,0,0,1330,5,7
330,343,331,Pape Matar Sarr,Tottenham,2.4,154,150,4,2,0,1,0,0,0,0,0,0,141,0,0
331,344,332,Jean-Philippe Mateta,Crystal Palace,8.6,149,143,6,0,0,0,3,0,0,0,0,0,104,0,9
332,345,333,Joël Matip,Liverpool,12.1,885,873,11,7,0,5,1,4,0,0,0,0,766,1,5
333,346,334,Neal Maupay,Everton,12.4,253,222,30,1,0,1,3,2,0,0,0,0,190,1,10
334,347,335,Kevin Mbabu,Fulham,1.6,94,71,23,0,0,1,7,23,0,0,0,0,68,0,2
335,348,336,Bryan Mbeumo,Brentford,32.3,991,845,139,48,7,7,156,19,71,37,12,5,655,7,42
336,349,337,James McArthur,Crystal Palace,0.6,52,49,3,3,1,0,0,0,0,0,0,0,41,0,1
337,350,338,Alex McCarthy,Southampton,6.0,249,178,68,16,0,1,0,0,0,0,0,0,150,3,0
338,351,339,John McGinn,Aston Villa,29.9,1028,965,56,25,11,10,50,1,25,18,0,0,805,7,20
339,352,340,Scott McKenna,Nott'ham Forest,17.5,727,691,32,11,0,3,2,21,0,0,0,0,569,4,2
340,353,341,Weston McKennie,Leeds United,16.0,628,589,36,8,4,6,9,26,0,0,0,0,472,3,16
341,354,342,Dwight McNeil,Everton,27.8,987,838,142,50,3,6,194,31,61,53,4,0,656,7,49
342,355,343,Scott McTominay,Manchester Utd,12.9,432,426,5,3,3,3,4,1,0,0,0,0,355,1,6
343,356,344,Ben Mee,Brentford,36.3,1761,1625,130,38,0,10,7,90,0,0,0,0,1348,6,20
344,357,345,Edouard Mendy,Chelsea,9.5,289,220,69,6,0,1,0,0,0,0,0,0,233,0,0
345,358,346,Nampalys Mendy,Leicester City,8.4,413,399,12,8,1,2,1,1,0,0,0,0,362,2,11
346,359,347,Chris Mepham,Bournemouth,24.4,1041,1001,37,21,0,4,0,16,0,0,0,0,870,3,7
347,360,348,Illan Meslier,Leeds United,34.0,1039,705,331,89,0,1,0,0,0,0,0,0,664,3,2
348,361,349,Alexander Mighten,Nott'ham Forest,0.1,1,1,0,0,0,0,0,0,0,0,0,0,1,0,0
349,362,350,Lewis Miley,Newcastle Utd,0.2,6,6,0,0,0,0,0,0,0,0,0,0,5,0,0
350,364,351,Luka Milivojević,Crystal Palace,5.7,260,248,11,8,0,2,6,1,2,2,0,0,207,1,0
351,365,352,James Milner,Liverpool,10.1,727,625,99,20,2,4,52,65,12,2,9,0,563,3,24
352,366,353,Yerry Mina,Everton,6.6,325,309,15,13,0,1,1,2,0,0,0,0,286,1,1
353,367,354,Tyrone Mings,Aston Villa,35.0,1899,1811,85,64,1,15,3,6,0,0,0,0,1617,3,10
354,368,355,Tyrick Mitchell,Crystal Palace,32.1,1607,1234,370,34,0,2,70,336,0,0,0,0,1152,3,66
355,369,356,Kaoru Mitoma,Brighton,25.8,977,952,19,0,4,3,41,16,3,0,0,0,780,6,33
356,370,357,Aleksandar Mitrović,Fulham,22.3,496,486,10,1,4,9,4,3,0,0,0,0,299,0,24
357,371,358,Kieffer Moore,Bournemouth,14.2,360,337,23,1,0,1,7,0,0,0,0,0,212,0,12
358,372,359,Andrew Moran,Brighton,0.1,2,1,1,0,0,0,0,0,0,0,0,0,1,0,0
359,373,360,Álex Moreno,Aston Villa,14.8,745,609,134,18,1,0,48,116,0,0,0,0,581,2,32
360,374,361,Mason Mount,Chelsea,18.3,778,706,68,17,6,8,64,5,34,11,19,1,585,4,23
361,375,362,Lucas Moura,Tottenham,1.7,89,83,6,0,1,0,9,5,1,0,0,0,62,0,6
362,376,363,João Moutinho,Wolves,19.8,1057,936,116,55,7,6,59,3,34,10,15,0,850,5,20
363,377,364,Divin Mubama,West Ham,0.4,8,7,1,1,0,0,0,0,0,0,0,0,5,0,0
364,378,365,Mykhailo Mudryk,Chelsea,7.3,216,193,22,3,1,1,25,6,11,8,1,0,161,1,1
365,379,366,Jacob Murphy,Newcastle Utd,13.9,448,428,18,0,6,2,53,10,7,1,0,0,296,2,31
366,380,367,Enock Mwepu,Brighton,2.4,78,76,2,0,0,1,3,0,0,0,0,0,61,0,3
367,381,368,Vitaliy Mykolenko,Everton,29.5,1292,1045,239,10,1,3,57,227,2,1,1,0,966,8,30
368,382,369,Keylor Navas,Nott'ham Forest,17.0,534,312,217,66,0,0,0,0,0,0,0,0,306,5,0
369,383,370,Wilfred Ndidi,Leicester City,18.7,899,868,31,25,1,5,2,3,0,0,0,0,754,0,19
370,384,371,Reiss Nelson,Arsenal,2.4,120,118,2,0,0,0,12,0,2,2,0,0,101,0,1
371,385,372,Neto,Bournemouth,26.5,833,513,319,88,0,1,0,0,0,0,0,0,521,1,0
372,386,373,Pedro Neto,Wolves,10.7,384,342,42,11,2,3,66,6,25,11,9,0,284,0,14
373,387,374,Rúben Neves,Wolves,33.5,2106,1945,153,115,7,24,53,11,21,3,16,0,1730,8,30
374,388,375,Moussa Niakhate,Nott'ham Forest,12.9,391,293,98,8,0,0,2,90,0,0,0,0,265,0,8
375,390,376,Rasmus Nissen,Leeds United,21.8,1044,861,181,7,0,3,35,174,0,0,0,0,740,2,38
376,391,377,Eddie Nketiah,Arsenal,12.1,255,231,24,0,0,1,5,0,0,0,0,0,205,0,11
377,392,378,Matheus Nunes,Wolves,27.4,1028,994,31,14,6,33,43,8,9,3,4,0,818,3,23
378,393,379,Darwin Núñez,Liverpool,18.8,401,386,11,0,2,8,18,8,1,0,0,0,258,4,22
379,394,380,Ethan Nwaneri,Arsenal,0.0,0,0,0,0,0,0,0,0,0,0,0,0,0,0,0
380,395,381,Christian Nørgaard,Brentford,19.6,812,787,19,10,2,6,11,2,0,0,0,0,608,6,11
381,396,382,Lewis O'Brien,Nott'ham Forest,6.5,214,207,7,4,0,0,4,3,0,0,0,0,166,0,4
382,397,383,Odeluga Offiah,Brighton,0.3,30,29,1,0,0,0,0,1,0,0,0,0,24,0,0
383,398,384,Angelo Ogbonna,West Ham,13.7,415,406,9,7,0,0,0,0,0,0,0,0,332,0,2
384,399,385,Michael Olise,Crystal Palace,30.5,1420,1189,229,63,4,21,242,18,127,58,46,4,985,2,49
385,400,386,Robin Olsen,Aston Villa,3.1,131,89,40,12,0,1,0,0,0,0,0,0,74,2,1
386,401,387,Amadou Onana,Everton,27.6,980,970,6,4,5,7,5,1,0,0,0,0,816,4,6
387,402,388,Josh Onomah,Fulham,0.2,6,6,0,0,0,0,0,0,0,0,0,0,4,0,1
388,403,389,Paul Onuachu,Southampton,4.5,91,90,1,1,0,2,0,0,0,0,0,0,55,0,4
389,404,390,Frank Onyeka,Brentford,9.4,257,255,1,0,0,1,2,1,0,0,0,0,193,1,9
390,405,391,Mislav Oršić,Southampton,0.1,3,2,1,0,0,0,0,1,0,0,0,0,2,0,0
391,406,392,Stefan Ortega,Manchester City,3.0,167,152,15,3,0,0,0,0,0,0,0,0,145,0,1
392,407,393,Dango Ouattara,Bournemouth,13.8,334,322,10,0,5,5,30,7,1,0,0,0,210,2,12
393,408,394,Alex Oxlade-Chamberlain,Liverpool,3.7,106,102,2,0,2,3,2,2,0,0,0,0,75,2,4
394,409,395,David Ozoh,Crystal Palace,0.0,3,3,0,0,0,0,0,0,0,0,0,0,3,0,0
395,410,396,João Palhinha,Fulham,34.5,1274,1222,48,32,0,38,3,0,0,0,0,0,1051,4,15
396,411,397,Cole Palmer,Manchester City,4.1,193,191,2,0,0,1,7,1,1,0,0,0,167,0,1
397,412,398,Emerson Palmieri,West Ham,14.7,729,606,121,9,0,0,47,98,14,1,10,0,572,2,27
398,413,399,Lucas Paquetá,West Ham,23.9,1157,1075,73,21,13,11,22,1,1,0,0,0,907,9,28
399,414,400,Thomas Partey,Arsenal,27.6,1985,1923,59,32,11,12,9,27,0,0,0,0,1731,3,20
400,416,401,Nathan Patterson,Everton,14.2,649,503,145,7,1,0,39,137,1,0,0,0,488,1,14
401,417,402,Ben Pearson,Bournemouth,3.2,134,130,4,3,0,1,0,0,0,0,0,0,108,0,1
402,418,403,Facundo Pellistri,Manchester Utd,0.7,16,15,1,0,0,0,0,1,0,0,0,0,15,0,0
403,419,404,Andreas Pereira,Fulham,29.9,1068,826,231,81,1,21,196,6,116,51,50,0,701,11,39
404,420,405,Ricardo Pereira,Leicester City,5.0,322,259,61,9,0,0,16,50,0,0,0,0,252,2,14
405,421,406,Ayoze Pérez,Leicester City,4.2,171,156,14,1,5,0,17,1,11,6,5,0,118,1,11
406,422,407,Ivan Perišić,Tottenham,23.4,1121,895,221,16,0,13,196,138,67,57,6,0,713,5,43
407,423,408,Romain Perraud,Southampton,20.4,885,729,151,7,1,0,77,143,1,0,0,0,623,5,41
408,424,409,Máximo Perrone,Manchester City,0.2,21,20,0,0,0,0,0,0,0,0,0,0,18,1,1
409,425,410,Cameron Peupion,Brighton,0.1,4,4,0,0,0,0,0,0,0,0,0,0,3,0,0
410,426,411,Kalvin Phillips,Manchester City,3.3,313,310,2,2,0,2,0,0,0,0,0,0,289,1,1
411,427,412,Nathaniel Phillips,Liverpool,0.7,82,80,2,2,0,2,0,0,0,0,0,0,71,0,0
412,428,413,Jordan Pickford,Everton,37.0,1312,823,484,169,1,7,0,0,0,0,0,0,749,5,1
413,429,414,Ethan Pinnock,Brentford,30.0,1149,1088,57,14,0,3,10,43,0,0,0,0,914,4,5
414,430,415,Daniel Podence,Wolves,19.7,663,609,51,8,9,7,56,11,26,9,8,0,445,3,19
415,431,416,Nick Pope,Newcastle Utd,36.2,890,612,278,71,0,3,0,0,0,0,0,0,614,0,1
416,432,417,Pedro Porro,Tottenham,12.6,648,525,121,6,7,4,77,91,24,12,12,0,465,2,29
417,433,418,Dennis Praet,Leicester City,7.2,270,254,14,2,2,0,15,5,2,0,0,0,200,2,15
418,434,419,Isaac Price,Everton,0.4,14,14,0,0,0,0,1,0,0,0,0,0,12,0,0
419,435,420,Christian Pulisic,Chelsea,9.1,301,294,4,0,1,0,18,4,0,0,0,0,238,3,8
420,436,421,Aaron Ramsdale,Arsenal,38.0,1111,872,237,83,0,6,0,1,0,0,0,0,761,2,3
421,437,422,Jacob Ramsey,Aston Villa,29.3,889,880,3,2,3,3,18,1,0,0,0,0,728,6,26
422,438,423,Marcus Rashford,Manchester Utd,32.0,817,790,22,2,2,6,24,9,0,0,0,0,627,5,31
423,439,424,David Raya,Brentford,38.0,1640,1181,455,185,0,19,0,1,0,0,0,0,1054,4,1
424,440,425,Tim Ream,Fulham,32.2,1922,1858,59,34,0,25,4,11,0,0,0,0,1662,5,8
425,442,426,Nathan Redmond,Southampton,0.0,1,1,0,0,0,0,1,0,0,0,0,0,0,0,0
426,443,427,Harrison Reed,Fulham,31.8,1281,1225,51,14,0,4,54,5,3,2,1,0,988,5,46
427,444,428,Bobby Reid,Fulham,27.5,907,829,74,6,1,2,53,68,0,0,0,0,636,4,35
428,445,429,Declan Rice,West Ham,36.4,2135,2060,70,48,4,60,44,3,19,15,1,0,1846,5,26
429,446,430,Chris Richards,Crystal Palace,5.0,203,190,13,5,0,0,0,8,0,0,0,0,169,0,1
430,447,431,Richarlison,Tottenham,11.2,279,270,9,0,4,1,16,0,0,0,0,0,196,0,13
431,448,432,Jaïro Riedewald,Crystal Palace,0.7,45,38,7,2,0,0,0,4,1,0,0,0,34,0,2
432,449,433,Matt Ritchie,Newcastle Utd,0.4,31,31,0,0,0,0,2,0,0,0,0,0,24,0,3
433,450,434,Andrew Robertson,Liverpool,28.7,2265,1883,375,65,2,12,195,229,81,23,49,0,1803,7,41
434,451,435,Antonee Robinson,Fulham,34.3,1910,1582,327,18,0,5,134,309,0,0,0,0,1404,1,51
435,452,436,Joel Robles,Leeds United,4.0,122,70,52,20,0,0,0,0,0,0,0,0,63,0,0
436,453,437,Marc Roca,Leeds United,25.7,1295,1188,102,55,7,10,76,3,40,20,16,0,978,5,17
437,454,438,Marek Rodák,Fulham,2.0,61,38,23,8,0,0,0,0,0,0,0,0,29,0,0
438,455,439,Rodri,Manchester City,32.3,2987,2943,43,37,2,26,6,3,0,0,0,0,2723,1,21
439,456,440,Rodrigo,Leeds United,21.5,550,492,53,0,4,10,21,7,2,0,0,0,389,5,9
440,457,441,Mads Roerslev,Brentford,12.3,303,282,21,1,2,0,20,20,0,0,0,0,194,0,21
441,458,442,Cristian Romero,Tottenham,26.3,1606,1523,80,60,4,20,0,19,0,0,0,0,1407,3,24
442,459,443,Oriol Romeu,Southampton,0.8,30,30,0,0,0,0,1,0,0,0,0,0,28,0,0
443,460,444,Cristiano Ronaldo,Manchester Utd,5.8,162,157,5,0,2,1,3,1,0,0,0,0,121,0,10
444,461,445,Connor Ronan,Wolves,0.0,4,3,1,1,0,0,1,0,0,0,0,0,3,0,0
445,462,446,Salomón Rondón,Everton,1.2,29,28,1,0,0,0,0,1,0,0,0,0,22,0,0
446,463,447,Joe Rothwell,Bournemouth,11.3,457,402,54,24,4,2,26,1,21,12,4,3,385,1,6
447,464,448,Georginio Rutter,Leeds United,3.0,62,59,2,0,1,0,0,0,0,0,0,0,31,1,5
448,465,449,José Sá,Wolves,36.0,1200,854,341,81,0,3,0,0,0,0,0,0,837,5,1
449,466,450,Marcel Sabitzer,Manchester Utd,7.0,307,293,9,4,2,3,4,2,1,0,0,0,237,5,7
450,468,451,Allan Saint-Maximin,Newcastle Utd,12.4,447,435,9,1,4,3,32,7,1,0,0,0,316,3,17
451,469,452,Bukayo Saka,Arsenal,35.3,1430,1297,131,11,2,3,172,21,99,76,0,2,1054,2,62
452,470,453,Mohamed Salah,Liverpool,36.6,1185,1146,29,4,14,3,38,17,0,0,0,0,902,10,40
453,471,454,William Saliba,Arsenal,26.8,1865,1822,43,34,0,2,1,0,0,0,0,0,1698,0,8
454,472,455,Mohammed Salisu,Southampton,21.9,1196,1075,115,25,1,10,13,87,0,0,0,0,879,6,12
455,473,456,Albert Sambi Lokonga,Arsenal,2.2,140,135,5,5,1,1,0,0,0,0,0,0,132,0,1
456,474,457,Albert Sambi Lokonga,Crystal Palace,6.0,264,250,10,9,2,1,0,1,0,0,0,0,228,4,2
457,475,458,Davinson Sánchez,Tottenham,9.5,594,583,10,7,0,1,2,3,0,0,0,0,515,1,10
458,476,459,Robert Sánchez,Brighton,23.0,781,608,168,37,0,4,0,0,0,0,0,0,604,5,3
459,477,460,Jadon Sancho,Manchester Utd,18.7,776,760,14,0,4,3,17,8,5,2,0,0,647,2,28
460,478,461,Morgan Sanson,Aston Villa,0.1,7,7,0,0,0,0,0,0,0,0,0,0,5,0,0
461,479,462,Pablo Sarabia,Wolves,8.5,365,324,39,8,2,3,46,3,28,18,5,0,252,2,15
462,480,463,Jeremy Sarmiento,Brighton,2.0,67,67,0,0,0,0,3,0,0,0,0,0,53,0,1
463,481,464,Gianluca Scamacca,West Ham,10.3,177,173,3,0,0,8,1,0,0,0,0,0,118,1,7
464,482,465,Gustavo Scarpa,Nott'ham Forest,2.0,78,72,6,0,1,2,4,3,2,0,1,0,51,0,5
465,483,466,Kevin Schade,Brentford,8.1,173,171,1,0,1,0,15,1,0,0,0,0,103,1,11
466,484,467,Fabian Schär,Newcastle Utd,35.6,1846,1770,73,62,7,34,18,10,0,0,0,0,1423,3,19
467,485,468,Jeffrey Schlupp,Crystal Palace,28.1,900,854,40,12,3,1,16,24,0,0,0,0,665,6,21
468,486,469,Nélson Semedo,Wolves,29.2,1499,1263,233,6,4,1,60,227,0,0,0,0,1211,3,34
469,487,470,Antoine Semenyo,Bournemouth,2.9,57,53,4,0,0,1,1,0,0,0,0,0,38,0,2
470,488,471,Marcos Senesi,Bournemouth,27.7,1322,1257,56,40,1,15,8,14,0,0,0,0,1064,9,18
471,489,472,Ryan Sessegnon,Tottenham,9.0,390,318,72,2,2,1,30,70,0,0,0,0,280,0,19
472,490,473,Luke Shaw,Manchester Utd,28.4,2098,1792,297,36,2,13,89,195,38,20,7,0,1757,9,37
473,491,474,Jonjo Shelvey,Newcastle Utd,0.4,26,23,3,2,0,2,0,0,0,0,0,0,19,0,0
474,492,475,Jonjo Shelvey,Nott'ham Forest,6.0,302,271,31,27,3,6,13,1,0,0,0,0,221,0,1
475,494,476,Bernardo Silva,Manchester City,24.5,1543,1468,73,15,3,10,75,48,7,0,2,0,1317,2,27
476,495,477,Thiago Silva,Chelsea,26.1,2042,1976,59,54,1,15,2,2,0,0,0,0,1856,7,8
477,496,478,Ellis Simms,Everton,2.5,62,62,0,0,1,0,1,0,0,0,0,0,38,0,0
478,497,479,Luis Sinisterra,Leeds United,9.6,339,336,3,0,2,4,7,3,0,0,0,0,273,0,9
479,498,480,Oliver Skipp,Tottenham,16.6,772,755,12,7,1,4,10,0,0,0,0,0,660,5,14
480,499,481,Adam Smith,Bournemouth,32.7,1264,987,276,22,0,2,48,254,0,0,0,0,953,1,29
481,500,482,Emile Smith Rowe,Arsenal,1.9,85,81,4,0,0,0,5,0,4,2,0,0,74,0,1
482,501,483,Cédric Soares,Arsenal,0.3,24,23,1,0,0,0,3,1,0,0,0,0,19,0,0
483,502,484,Cédric Soares,Fulham,2.2,186,157,27,3,0,0,24,24,0,0,0,0,143,2,4
484,503,485,Dominic Solanke,Bournemouth,31.8,533,479,52,0,3,1,13,4,0,0,0,0,363,2,34
485,504,486,Manor Solomon,Fulham,6.4,207,202,4,1,1,0,4,3,0,0,0,0,175,1,4
486,505,487,Tomáš Souček,West Ham,31.3,994,982,12,10,0,6,20,0,1,1,0,0,709,0,28
487,506,488,Boubakary Soumaré,Leicester City,18.1,902,895,7,6,2,2,2,0,0,0,0,0,776,0,19
488,507,489,Harry Souttar,Leicester City,11.0,555,531,19,17,1,9,0,2,0,0,0,0,448,5,3
489,508,490,Çağlar Söyüncü,Leicester City,5.9,309,292,14,12,0,5,0,0,0,0,0,0,241,3,2
490,509,491,Djed Spence,Tottenham,0.1,9,9,0,0,0,0,0,0,0,0,0,0,5,0,2
491,510,492,Jack Stacey,Bournemouth,3.3,130,106,23,0,0,0,10,23,0,0,0,0,74,1,7
492,511,493,Junior Stanislas,Bournemouth,0.7,28,27,1,0,0,1,1,0,1,0,0,0,22,0,1
493,512,494,Jay Stansfield,Fulham,1.0,23,23,0,0,0,0,3,0,0,0,0,0,9,0,3
494,513,495,Jason Steele,Brighton,15.0,541,471,67,12,1,1,0,0,0,0,0,0,478,3,0
495,514,496,Jack Stephens,Southampton,0.5,28,25,3,1,0,0,0,2,0,0,0,0,23,0,0
496,515,497,Jack Stephens,Bournemouth,13.0,543,538,5,4,2,2,2,1,0,0,0,0,446,0,6
497,516,498,Raheem Sterling,Chelsea,21.0,685,662,21,0,6,0,46,7,7,7,0,0,514,2,33
498,517,499,John Stones,Manchester City,20.5,1563,1496,66,17,1,14,6,45,1,0,0,0,1453,1,10
499,518,500,Pascal Struijk,Leeds United,24.4,1320,1065,250,28,0,3,21,222,0,0,0,0,1046,5,26
500,520,501,Kamaldeen Sulemana,Southampton,10.7,265,257,6,0,1,1,18,1,1,0,0,0,189,2,12
501,521,502,Crysencio Summerville,Leeds United,15.8,411,402,6,1,1,1,14,1,3,0,0,0,308,3,15
502,522,503,Sam Surridge,Nott'ham Forest,3.6,81,77,3,0,0,0,3,0,0,0,0,0,40,1,3
503,523,504,Japhet Tanganga,Tottenham,1.6,92,91,1,1,0,0,1,0,0,0,0,0,82,0,0
504,524,505,Matt Targett,Newcastle Utd,6.8,419,327,91,17,0,3,34,56,18,10,7,0,326,1,11
505,525,506,James Tarkowski,Everton,38.0,1633,1578,48,41,3,18,0,6,0,0,0,0,1322,7,4
506,526,507,Marcus Tavernier,Bournemouth,19.4,724,623,100,21,5,7,93,34,42,22,11,3,510,1,28
507,527,508,Tetê,Leicester City,8.2,258,235,20,2,1,4,19,0,6,5,0,1,186,3,10
508,528,509,Kenny Tete,Fulham,28.5,1530,1176,344,37,1,10,99,307,0,0,0,0,1110,10,48
509,529,510,Luke Thomas,Leicester City,11.9,654,519,133,17,3,1,9,116,0,0,0,0,521,2,22
510,530,511,Youri Tielemans,Leicester City,26.0,1623,1517,100,51,12,8,45,16,20,8,9,0,1303,6,38
511,531,512,Kieran Tierney,Arsenal,8.8,486,415,67,11,1,1,24,56,0,0,0,0,362,4,11
512,532,513,Harry Toffolo,Nott'ham Forest,10.4,387,313,72,5,0,1,29,65,2,2,0,0,242,2,12
513,533,514,Takehiro Tomiyasu,Arsenal,7.4,474,420,53,4,2,2,12,49,0,0,0,0,384,1,9
514,534,515,James Tomkins,Crystal Palace,3.8,171,164,7,5,0,0,0,0,0,0,0,0,138,0,3
515,535,516,Ivan Toney,Brentford,32.8,787,751,29,8,12,3,34,10,1,0,0,0,468,7,31
516,536,517,Adama Traoré,Wolves,16.6,494,491,1,0,3,0,81,1,0,0,0,0,325,2,27
517,537,518,Bertrand Traoré,Aston Villa,2.6,75,72,2,0,0,2,5,1,1,1,0,0,59,1,5
518,538,519,Boubacar Traoré,Wolves,4.6,149,146,0,0,0,0,1,0,0,0,0,0,118,3,2
519,539,520,Mark Travers,Bournemouth,11.5,368,214,154,35,0,0,0,1,0,0,0,0,281,0,0
520,540,521,Kieran Trippier,Newcastle Utd,37.1,2788,2061,714,180,16,16,393,318,216,93,82,15,1995,13,50
521,541,522,Leandro Trossard,Arsenal,10.3,452,402,47,3,6,6,55,5,31,22,1,0,347,3,19
522,542,523,Leandro Trossard,Brighton,14.6,529,498,28,3,9,8,35,19,0,0,0,0,379,3,20
523,543,524,Kostas Tsimikas,Liverpool,8.6,618,470,146,23,1,2,85,87,36,11,23,0,474,2,9
524,544,525,Deniz Undav,Brighton,7.0,164,159,4,0,3,1,1,0,0,0,0,0,122,1,4
525,546,526,Yan Valery,Southampton,0.5,23,23,0,0,0,0,1,0,0,0,0,0,15,0,1
526,547,527,Virgil van Dijk,Liverpool,31.5,2592,2492,99,73,1,31,1,9,0,0,0,0,2345,1,9
527,548,528,Raphaël Varane,Manchester Utd,21.2,1106,1073,30,27,2,4,1,3,0,0,0,0,954,3,6
528,549,529,Jamie Vardy,Leicester City,20.6,263,239,23,0,3,1,7,0,0,0,0,0,137,1,9
529,550,530,Joël Veltman,Brighton,24.3,1512,1286,219,34,1,3,23,185,0,0,0,0,1261,7,29
530,551,531,Fabio Vieira,Arsenal,5.7,290,276,14,7,2,0,20,3,4,3,1,0,234,0,7
531,552,532,Matías Viña,Bournemouth,5.1,185,142,43,7,0,0,4,36,0,0,0,0,140,0,6
532,553,533,Rúben Vinagre,Everton,0.3,24,19,5,1,0,0,2,4,0,0,0,0,15,0,1
533,554,534,Carlos Vinícius,Fulham,12.3,189,181,7,0,3,0,6,0,0,0,0,0,119,1,12
534,555,535,Theo Walcott,Southampton,12.5,262,256,6,0,1,0,21,1,0,0,0,0,180,0,3
535,556,536,Kyle Walker,Manchester City,21.8,1892,1732,158,25,4,21,28,133,0,0,0,0,1661,2,18
536,557,537,Kyle Walker-Peters,Southampton,29.4,1324,1046,274,16,1,1,50,255,3,0,0,0,1019,4,51
537,558,538,Aaron Wan-Bissaka,Manchester Utd,15.9,840,715,123,4,2,2,14,119,0,0,0,0,706,2,22
538,559,539,Danny Ward,Leicester City,26.0,945,679,261,71,0,4,0,0,0,0,0,0,708,5,2
539,560,540,Joel Ward,Crystal Palace,25.1,1223,1014,208,24,0,2,36,184,0,0,0,0,921,1,29
540,561,541,James Ward-Prowse,Southampton,37.5,2176,1840,329,148,2,14,241,8,145,62,63,0,1716,7,36
541,562,542,Ollie Watkins,Aston Villa,34.7,566,554,9,0,0,2,9,3,0,0,0,0,391,3,13
542,563,543,Adam Webster,Brighton,22.1,1715,1650,63,28,0,6,2,35,0,0,0,0,1514,2,10
543,564,544,Wout Weghorst,Manchester Utd,8.9,207,206,1,0,4,1,0,0,0,0,0,0,151,0,6
544,565,545,Danny Welbeck,Brighton,20.6,442,416,24,0,6,0,0,1,0,0,0,0,373,2,7
545,566,546,Ben White,Arsenal,33.9,2242,1951,285,57,6,13,57,228,0,0,0,0,1888,6,27
546,567,547,Harvey White,Tottenham,0.1,8,6,2,0,1,0,3,0,2,2,0,0,3,0,0
547,568,548,Joseph Whitworth,Crystal Palace,2.0,83,63,20,5,0,0,0,0,0,0,0,0,61,0,0
548,569,549,Neco Williams,Nott'ham Forest,20.9,840,651,182,28,3,7,89,141,13,7,6,0,533,7,38
549,570,550,Willian,Fulham,23.6,912,860,49,14,4,12,60,3,32,8,11,2,712,3,20
550,572,551,Joe Willock,Newcastle Utd,28.4,951,922,25,3,4,3,51,8,0,0,0,0,777,4,18
551,573,552,Callum Wilson,Newcastle Utd,20.9,242,234,7,1,2,3,6,0,0,0,0,0,160,1,23
552,574,553,Harry Wilson,Fulham,12.2,404,383,20,4,1,3,22,5,10,2,3,0,310,1,16
553,575,554,Yoane Wissa,Brentford,17.8,344,334,7,1,4,2,12,2,0,0,0,0,238,3,15
554,576,555,Maximilian Wöber,Leeds United,14.1,684,638,43,13,0,2,7,30,0,0,0,0,483,3,10
555,577,556,Chris Wood,Newcastle Utd,5.0,106,105,1,0,0,0,0,0,0,0,0,0,66,0,1
556,578,557,Chris Wood,Nott'ham Forest,4.1,71,71,0,0,1,1,0,0,0,0,0,0,43,0,0
557,579,558,Joe Worrall,Nott'ham Forest,24.7,1157,1058,97,33,0,8,3,58,0,0,0,0,891,2,9
558,580,559,Granit Xhaka,Arsenal,33.3,1632,1574,55,34,6,6,39,19,1,0,0,0,1382,3,27
559,581,560,Ryan Yates,Nott'ham Forest,20.4,592,526,62,12,0,6,8,3,0,0,0,0,455,4,17
560,582,561,Ashley Young,Aston Villa,22.6,1188,945,235,57,2,12,42,172,6,2,1,2,897,8,28
561,583,562,Illia Zabarnyi,Bournemouth,3.3,200,197,2,2,0,0,0,0,0,0,0,0,184,1,0
562,584,563,Wilfried Zaha,Crystal Palace,25.4,650,628,20,5,3,1,39,5,0,0,0,0,502,2,25
563,585,564,Denis Zakaria,Chelsea,4.6,179,177,2,2,1,1,1,0,0,0,0,0,158,0,5
564,586,565,Jordan Zemura,Bournemouth,16.2,594,466,127,8,0,1,18,119,0,0,0,0,423,1,30
565,587,566,Oleksandr Zinchenko,Arsenal,23.5,1911,1703,203,49,6,12,37,153,1,0,0,0,1652,5,29
566,588,567,Hakim Ziyech,Chelsea,7.3,400,349,47,12,4,3,66,14,20,12,4,1,258,4,15
567,589,568,Kurt Zouma,West Ham,22.1,831,801,28,14,0,14,0,3,0,0,0,0,701,2,3
568,590,569,Martin Ødegaard,Arsenal,34.7,1804,1683,110,79,23,9,91,13,18,9,6,1,1449,11,45
