,index,Rk,Player,Squad,90s,Gls,Sh,SoT,SoT%,Sh/90,SoT/90,G/Sh,G/SoT,Dist,FK,PK,PKatt,xG,npxG,npxG/Sh,G-xG,np:G-xG
0,0,1,Brenden Aaronson,Leeds United,26.4,1,41,9,22.0,1.56,0.34,0.02,0.11,18.4,2,0,0,3.9,3.9,0.09,-2.9,-2.9
1,1,2,George Abbott,Tottenham,0.0,0,0,0,,0.00,0.00,,,,0,0,0,0.0,0.0,,0.0,0.0
2,2,3,Che Adams,Southampton,22.1,5,47,14,29.8,2.12,0.63,0.11,0.36,13.8,0,0,0,6.6,6.6,0.14,-1.6,-1.6
3,3,4,Tyler Adams,Leeds United,24.0,0,4,0,0.0,0.17,0.00,0.00,,27.5,0,0,0,0.1,0.1,0.03,-0.1,-0.1
4,4,5,Tosin Adarabioyo,Fulham,23.2,1,16,4,25.0,0.69,0.17,0.06,0.25,21.2,1,0,0,0.7,0.7,0.04,+0.3,+0.3
5,5,6,Nayef Aguerd,West Ham,17.7,2,12,2,16.7,0.68,0.11,0.17,1.00,9.9,0,0,0,2.2,2.2,0.19,-0.2,-0.2
6,6,7,Naouirou Ahamada,Crystal Palace,1.0,0,3,0,0.0,2.87,0.00,0.00,,15.9,0,0,0,0.2,0.2,0.05,-0.2,-0.2
7,7,8,Rayan Aït Nouri,Wolves,12.0,1,10,5,50.0,0.84,0.42,0.10,0.20,14.1,0,0,0,0.7,0.7,0.07,+0.3,+0.3
8,8,9,Kristoffer Ajer,Brentford,8.5,0,1,0,0.0,0.12,0.00,0.00,,6.0,0,0,0,0.0,0.0,0.04,0.0,0.0
9,9,10,Manuel Akanji,Manchester City,25.4,0,15,2,13.3,0.59,0.08,0.00,0.00,15.9,0,0,0,1.3,1.3,0.09,-1.3,-1.3
10,10,11,Nathan Aké,Manchester City,20.8,1,9,2,22.2,0.43,0.10,0.11,0.50,10.5,0,0,0,1.6,1.6,0.17,-0.6,-0.6
11,11,12,Marc Albrighton,Leicester City,2.6,1,2,1,50.0,0.76,0.38,0.50,1.00,8.0,0,0,0,0.3,0.3,0.17,+0.7,+0.7
12,12,13,Thiago Alcántara,Liverpool,13.9,0,10,1,10.0,0.72,0.07,0.00,0.00,24.1,0,0,0,0.4,0.4,0.05,-0.4,-0.4
13,13,14,Carlos Alcaraz,Southampton,11.4,4,24,10,41.7,2.10,0.87,0.17,0.40,20.0,0,0,0,1.9,1.9,0.08,+2.1,+2.1
14,14,15,Trent Alexander-Arnold,Liverpool,32.5,2,40,8,20.0,1.23,0.25,0.05,0.25,23.8,5,0,0,2.4,2.4,0.06,-0.4,-0.4
15,15,16,Alisson,Liverpool,37.0,0,0,0,,0.00,0.00,,,,0,0,0,0.0,0.0,,0.0,0.0
16,16,17,Dele Alli,Everton,0.4,0,0,0,,0.00,0.00,,,,0,0,0,0.0,0.0,,0.0,0.0
17,17,18,Miguel Almirón,Newcastle Utd,27.7,11,69,20,29.0,2.49,0.72,0.16,0.55,16.4,0,0,0,8.0,8.0,0.12,+3.0,+3.0
18,18,19,Julián Álvarez,Manchester City,16.3,9,46,20,43.5,2.83,1.23,0.17,0.40,16.0,0,1,1,7.0,6.2,0.13,+2.0,+1.8
19,19,20,Daniel Amartey,Leicester City,17.9,0,6,2,33.3,0.34,0.11,0.00,0.00,17.4,0,0,0,1.1,1.1,0.18,-1.1,-1.1
20,20,21,Samuel Amo-Ameyaw,Southampton,0.0,0,0,0,,0.00,0.00,,,,0,0,0,0.0,0.0,,0.0,0.0
21,21,22,Joachim Andersen,Crystal Palace,30.9,1,22,9,40.9,0.71,0.29,0.05,0.11,13.9,1,0,0,1.8,1.8,0.08,-0.8,-0.8
22,22,23,Elliot Anderson,Newcastle Utd,4.6,0,11,4,36.4,2.41,0.88,0.00,0.00,16.0,0,0,0,1.0,1.0,0.09,-1.0,-1.0
23,23,24,Jaidon Anthony,Bournemouth,14.0,3,22,13,59.1,1.58,0.93,0.14,0.23,19.3,2,0,0,2.2,2.2,0.10,+0.8,+0.8
24,24,25,Michail Antonio,West Ham,20.3,5,39,13,33.3,1.92,0.64,0.13,0.38,11.6,0,0,0,6.6,6.6,0.17,-1.6,-1.6
25,26,26,Antony,Manchester Utd,20.0,4,72,24,33.3,3.60,1.20,0.06,0.17,19.6,0,0,0,6.6,6.6,0.09,-2.6,-2.6
26,27,27,Cameron Archer,Aston Villa,0.5,0,0,0,,0.00,0.00,,,,0,0,0,0.0,0.0,,0.0,0.0
27,28,28,Alphonse Areola,West Ham,3.4,0,0,0,,0.00,0.00,,,,0,0,0,0.0,0.0,,0.0,0.0
28,29,29,Joe Aribo,Southampton,13.6,2,14,8,57.1,1.03,0.59,0.14,0.25,10.9,0,0,0,1.5,1.5,0.11,+0.5,+0.5
29,30,30,Adam Armstrong,Southampton,14.8,2,25,12,48.0,1.69,0.81,0.08,0.17,15.9,0,0,0,2.1,2.1,0.08,-0.1,-0.1
30,31,31,Stuart Armstrong,Southampton,15.6,2,23,6,26.1,1.47,0.38,0.09,0.33,17.9,0,0,0,2.4,2.4,0.10,-0.4,-0.4
31,32,32,Kepa Arrizabalaga,Chelsea,28.5,0,0,0,,0.00,0.00,,,,0,0,0,0.0,0.0,,0.0,0.0
32,33,33,Pierre-Emerick Aubameyang,Chelsea,6.2,1,16,7,43.8,2.60,1.14,0.06,0.14,13.7,0,0,0,1.5,1.5,0.09,-0.5,-0.5
33,34,34,Ludwig Augustinsson,Aston Villa,0.9,0,2,1,50.0,2.34,1.17,0.00,0.00,12.7,0,0,0,0.1,0.1,0.04,-0.1,-0.1
34,35,35,Serge Aurier,Nott'ham Forest,21.6,1,9,3,33.3,0.42,0.14,0.11,0.33,16.2,0,0,0,0.8,0.8,0.09,+0.2,+0.2
35,36,36,Taiwo Awoniyi,Nott'ham Forest,15.6,10,35,15,42.9,2.24,0.96,0.29,0.67,11.8,0,0,0,6.6,6.6,0.19,+3.4,+3.4
36,37,37,Yasin Ayari,Brighton,0.7,0,1,0,0.0,1.34,0.00,0.00,,29.7,0,0,0,0.0,0.0,0.02,0.0,0.0
37,38,38,André Ayew,Nott'ham Forest,3.5,0,3,1,33.3,0.85,0.28,0.00,0.00,19.3,0,0,1,1.0,0.3,0.09,-1.0,-0.3
38,39,39,Jordan Ayew,Crystal Palace,30.2,4,32,10,31.3,1.06,0.33,0.13,0.40,16.1,0,0,0,3.2,3.2,0.10,+0.8,+0.8
39,40,40,Luke Ayling,Leeds United,22.8,2,24,5,20.8,1.05,0.22,0.08,0.40,15.1,0,0,0,3.2,3.2,0.13,-1.2,-1.2
40,41,41,César Azpilicueta,Chelsea,17.0,0,9,1,11.1,0.53,0.06,0.00,0.00,18.2,0,0,0,0.4,0.4,0.05,-0.4,-0.4
41,42,42,Benoît Badiashile,Chelsea,10.1,1,6,2,33.3,0.60,0.20,0.17,0.50,7.2,0,0,0,1.2,1.2,0.20,-0.2,-0.2
42,43,43,Leon Bailey,Aston Villa,21.9,4,51,14,27.5,2.33,0.64,0.08,0.29,18.1,3,0,0,5.3,5.3,0.10,-1.3,-1.3
43,44,44,Stefan Bajcetic,Liverpool,5.8,1,6,3,50.0,1.03,0.51,0.17,0.33,24.5,0,0,0,0.8,0.8,0.13,+0.2,+0.2
44,45,45,Dominic Ballard,Southampton,0.3,0,0,0,,0.00,0.00,,,,0,0,0,0.0,0.0,,0.0,0.0
45,46,46,Patrick Bamford,Leeds United,16.8,4,48,16,33.3,2.85,0.95,0.08,0.25,14.7,1,0,2,8.6,7.0,0.15,-4.6,-3.0
46,47,47,Shandon Baptiste,Brentford,6.9,0,4,1,25.0,0.58,0.15,0.00,0.00,15.9,0,0,0,0.4,0.4,0.09,-0.4,-0.4
47,48,48,Harvey Barnes,Leicester City,30.1,13,72,34,47.2,2.39,1.13,0.18,0.38,15.9,0,0,0,8.9,8.9,0.12,+4.1,+4.1
48,49,49,Gavin Bazunu,Southampton,32.0,0,0,0,,0.00,0.00,,,,0,0,0,0.0,0.0,,0.0,0.0
49,50,50,Mads Bech Sørensen,Brentford,0.2,0,0,0,,0.00,0.00,,,,0,0,0,0.0,0.0,,0.0,0.0
50,52,51,Jan Bednarek,Southampton,18.6,0,8,0,0.0,0.43,0.00,0.00,,14.2,0,0,0,0.4,0.4,0.05,-0.4,-0.4
51,53,52,Jan Bednarek,Aston Villa,1.1,0,0,0,,0.00,0.00,,,,0,0,0,0.0,0.0,,0.0,0.0
52,54,53,Donny van de Beek,Manchester Utd,1.9,0,2,0,0.0,1.08,0.00,0.00,,10.1,0,0,0,0.1,0.1,0.05,-0.1,-0.1
53,55,54,Asmir Begović,Everton,1.0,0,0,0,,0.00,0.00,,,,0,0,0,0.0,0.0,,0.0,0.0
54,56,55,Armel Bella Kotchap,Southampton,20.9,0,14,2,14.3,0.67,0.10,0.00,0.00,16.1,0,0,0,1.0,1.0,0.07,-1.0,-1.0
55,57,56,Saïd Benrahma,West Ham,23.0,6,69,23,33.3,3.00,1.00,0.03,0.09,21.9,5,4,4,7.0,3.9,0.06,-1.0,-1.9
56,58,57,Rodrigo Bentancur,Tottenham,16.7,5,15,9,60.0,0.90,0.54,0.33,0.56,15.8,0,0,0,2.2,2.2,0.15,+2.8,+2.8
57,59,58,Daniel Bentley,Wolves,2.0,0,0,0,,0.00,0.00,,,,0,0,0,0.0,0.0,,0.0,0.0
58,60,59,Victor Bernth Kristiansen,Leicester City,9.9,0,3,0,0.0,0.30,0.00,0.00,,18.9,0,0,0,0.1,0.1,0.04,-0.1,-0.1
59,61,60,Owen Bevan,Bournemouth,0.1,0,0,0,,0.00,0.00,,,,0,0,0,0.0,0.0,,0.0,0.0
60,62,61,Giulian Biancone,Nott'ham Forest,0.2,0,0,0,,0.00,0.00,,,,0,0,0,0.0,0.0,,0.0,0.0
61,63,62,Philip Billing,Bournemouth,30.7,7,38,18,47.4,1.24,0.59,0.18,0.39,18.3,5,0,0,4.9,4.9,0.13,+2.1,+2.1
62,64,63,Yves Bissouma,Tottenham,11.2,0,6,0,0.0,0.53,0.00,0.00,,26.7,0,0,0,0.2,0.2,0.03,-0.2,-0.2
63,65,64,Willy Boly,Nott'ham Forest,7.6,0,2,1,50.0,0.26,0.13,0.00,0.00,16.7,0,0,0,0.0,0.0,0.02,0.0,0.0
64,66,65,Sven Botman,Newcastle Utd,34.7,0,22,7,31.8,0.63,0.20,0.00,0.00,10.2,0,0,0,2.5,2.5,0.11,-2.5,-2.5
65,67,66,Jarrod Bowen,West Ham,35.9,6,73,21,28.8,2.03,0.58,0.07,0.24,16.2,1,1,2,8.9,7.8,0.11,-2.9,-2.8
66,68,67,James Bree,Southampton,4.1,0,1,1,100.0,0.25,0.25,0.00,0.00,25.3,0,0,0,0.0,0.0,0.03,0.0,0.0
67,69,68,Armando Broja,Chelsea,3.3,1,6,5,83.3,1.84,1.53,0.17,0.20,11.0,0,0,0,0.8,0.8,0.14,+0.2,+0.2
68,70,69,David Brooks,Bournemouth,1.9,0,5,1,20.0,2.60,0.52,0.00,0.00,20.6,1,0,0,0.3,0.3,0.05,-0.3,-0.3
69,71,70,Lewis Brunt,Leicester City,0.3,0,0,0,,0.00,0.00,,,,0,0,0,0.0,0.0,,0.0,0.0
70,72,71,Emi Buendía,Aston Villa,26.8,5,49,11,22.4,1.83,0.41,0.10,0.45,15.9,2,0,0,6.3,6.3,0.13,-1.3,-1.3
71,73,72,Hugo Bueno,Wolves,14.6,0,4,1,25.0,0.27,0.07,0.00,0.00,18.5,0,0,0,0.2,0.2,0.04,-0.2,-0.2
72,74,73,Facundo Buonanotte,Brighton,6.3,1,11,3,27.3,1.75,0.48,0.09,0.33,16.9,0,0,0,1.4,1.4,0.13,-0.4,-0.4
73,75,74,Dan Burn,Newcastle Utd,34.6,1,21,4,19.0,0.61,0.12,0.05,0.25,12.2,0,0,0,2.1,2.1,0.10,-1.1,-1.1
74,76,75,Cafú,Nott'ham Forest,0.1,0,0,0,,0.00,0.00,,,,0,0,0,0.0,0.0,,0.0,0.0
75,78,76,Moisés Caicedo,Brighton,34.9,1,28,8,28.6,0.80,0.23,0.04,0.13,23.9,0,0,0,1.7,1.7,0.06,-0.7,-0.7
76,79,77,Tom Cairney,Fulham,11.0,2,21,2,9.5,1.91,0.18,0.10,1.00,18.6,0,0,0,1.5,1.5,0.07,+0.5,+0.5
77,80,78,Duje Ćaleta-Car,Southampton,10.5,1,5,2,40.0,0.48,0.19,0.20,0.50,12.3,0,0,0,0.8,0.8,0.16,+0.2,+0.2
78,81,79,Dominic Calvert-Lewin,Everton,12.9,2,30,9,30.0,2.32,0.70,0.03,0.11,11.8,0,1,1,5.8,5.0,0.17,-3.8,-4.0
79,82,80,Chem Campbell,Wolves,0.8,0,2,0,0.0,2.43,0.00,0.00,,11.3,0,0,0,0.1,0.1,0.05,-0.1,-0.1
80,83,81,João Cancelo,Manchester City,14.2,2,17,3,17.6,1.20,0.21,0.12,0.67,22.7,0,0,0,0.8,0.8,0.05,+1.2,+1.2
81,84,82,Thomas Cannon,Everton,0.3,0,1,1,100.0,3.60,3.60,0.00,0.00,10.8,0,0,0,0.1,0.1,0.09,-0.1,-0.1
82,85,83,Sergi Canós,Brentford,0.9,0,1,0,0.0,1.17,0.00,0.00,,16.1,0,0,0,0.1,0.1,0.07,-0.1,-0.1
83,86,84,Diego Carlos,Aston Villa,2.3,0,4,0,0.0,1.76,0.00,0.00,,15.7,0,0,0,0.4,0.4,0.09,-0.4,-0.4
84,87,85,Fabio Carvalho,Liverpool,3.9,2,11,4,36.4,2.85,1.04,0.18,0.50,11.5,0,0,0,1.1,1.1,0.10,+0.9,+0.9
85,88,86,Casemiro,Manchester Utd,23.6,4,34,11,32.4,1.44,0.47,0.12,0.36,21.6,0,0,0,3.4,3.4,0.10,+0.6,+0.6
86,89,87,Matty Cash,Aston Villa,20.2,0,7,1,14.3,0.35,0.05,0.00,0.00,26.9,0,0,0,0.2,0.2,0.03,-0.2,-0.2
87,90,88,Timothy Castagne,Leicester City,36.2,2,19,5,26.3,0.53,0.14,0.11,0.40,11.0,0,0,0,2.2,2.2,0.12,-0.2,-0.2
88,91,89,Jonny Castro,Wolves,14.0,1,9,2,22.2,0.64,0.14,0.11,0.50,24.1,0,0,0,0.3,0.3,0.03,+0.7,+0.7
89,92,90,Julio César Enciso,Brighton,9.0,4,38,18,47.4,4.24,2.01,0.11,0.22,19.6,0,0,0,4.0,4.0,0.11,0.0,0.0
90,93,91,Nathaniel Chalobah,Fulham,0.1,0,1,1,100.0,7.50,7.50,0.00,0.00,10.1,0,0,0,0.1,0.1,0.09,-0.1,-0.1
91,94,92,Trevoh Chalobah,Chelsea,17.9,0,9,2,22.2,0.50,0.11,0.00,0.00,9.6,0,0,0,0.9,0.9,0.10,-0.9,-0.9
92,95,93,Calum Chambers,Aston Villa,3.9,0,2,0,0.0,0.51,0.00,0.00,,21.6,0,0,0,0.1,0.1,0.06,-0.1,-0.1
93,96,94,Shea Charles,Manchester City,0.3,0,0,0,,0.00,0.00,,,,0,0,0,0.0,0.0,,0.0,0.0
94,97,95,Ben Chilwell,Chelsea,15.6,2,16,4,25.0,1.02,0.26,0.13,0.50,16.1,0,0,0,1.4,1.4,0.09,+0.6,+0.6
95,98,96,Ryan Christie,Bournemouth,20.4,1,33,9,27.3,1.62,0.44,0.03,0.11,14.0,0,0,0,2.8,2.8,0.08,-1.8,-1.8
96,99,97,Carney Chukwuemeka,Chelsea,3.9,0,5,1,20.0,1.27,0.25,0.00,0.00,17.2,0,0,0,0.4,0.4,0.07,-0.4,-0.4
97,100,98,Bobby Clark,Liverpool,0.1,0,0,0,,0.00,0.00,,,,0,0,0,0.0,0.0,,0.0,0.0
98,101,99,Nathaniel Clyne,Crystal Palace,18.2,0,0,0,,0.00,0.00,,,,0,0,0,0.0,0.0,,0.0,0.0
99,102,100,Conor Coady,Everton,23.3,1,4,2,50.0,0.17,0.09,0.25,0.50,8.5,0,0,0,0.8,0.8,0.21,+0.2,+0.2
100,104,101,Jack Colback,Nott'ham Forest,5.5,0,0,0,,0.00,0.00,,,,0,0,0,0.0,0.0,,0.0,0.0
101,105,102,Séamus Coleman,Everton,18.4,1,7,2,28.6,0.38,0.11,0.14,0.50,21.9,0,0,0,0.4,0.4,0.05,+0.6,+0.6
102,106,103,Nathan Collins,Wolves,20.2,0,3,0,0.0,0.15,0.00,0.00,,9.0,0,0,0,0.2,0.2,0.08,-0.2,-0.2
103,107,104,Levi Colwill,Brighton,13.6,0,8,0,0.0,0.59,0.00,0.00,,7.0,0,0,0,1.4,1.4,0.18,-1.4,-1.4
104,108,105,Lewis Cook,Bournemouth,19.1,0,6,0,0.0,0.31,0.00,0.00,,28.7,2,0,0,0.2,0.2,0.04,-0.2,-0.2
105,109,106,Steve Cook,Nott'ham Forest,10.6,0,3,0,0.0,0.28,0.00,0.00,,14.2,0,0,0,0.1,0.1,0.05,-0.1,-0.1
106,110,107,Liam Cooper,Leeds United,15.8,1,10,2,20.0,0.63,0.13,0.10,0.50,9.5,0,0,0,1.0,1.0,0.11,0.0,0.0
107,111,108,Maxwel Cornet,West Ham,2.7,0,9,2,22.2,3.31,0.73,0.00,0.00,12.5,0,0,0,1.3,1.3,0.14,-1.3,-1.3
108,112,109,Diego Costa,Wolves,13.8,1,28,14,50.0,2.03,1.02,0.04,0.07,12.0,0,0,0,3.2,3.2,0.11,-2.2,-2.2
109,113,110,Vladimír Coufal,West Ham,23.7,0,6,0,0.0,0.25,0.00,0.00,,25.7,0,0,0,0.3,0.3,0.04,-0.3,-0.3
110,114,111,Philippe Coutinho,Aston Villa,8.8,1,21,8,38.1,2.40,0.91,0.05,0.13,21.6,2,0,0,1.4,1.4,0.07,-0.4,-0.4
111,115,112,Conor Coventry,West Ham,0.0,0,0,0,,0.00,0.00,,,,0,0,0,0.0,0.0,,0.0,0.0
112,116,113,Matthew Craig,Tottenham,0.2,0,0,0,,0.00,0.00,,,,0,0,0,0.0,0.0,,0.0,0.0
113,117,114,Aaron Cresswell,West Ham,24.8,0,9,1,11.1,0.36,0.04,0.00,0.00,22.5,4,0,0,0.3,0.3,0.04,-0.3,-0.3
114,118,115,Marc Cucurella,Chelsea,18.6,0,7,0,0.0,0.38,0.00,0.00,,19.7,0,0,0,0.4,0.4,0.06,-0.4,-0.4
115,119,116,Matheus Cunha,Wolves,10.7,2,26,7,26.9,2.42,0.65,0.08,0.29,19.4,0,0,0,2.0,2.0,0.08,0.0,0.0
116,120,117,Patson Daka,Leicester City,13.2,4,30,16,53.3,2.27,1.21,0.13,0.25,14.6,0,0,0,3.5,3.5,0.12,+0.5,+0.5
117,121,118,Diogo Dalot,Manchester Utd,23.9,1,22,7,31.8,0.92,0.29,0.05,0.14,19.9,0,0,0,2.5,2.5,0.11,-1.5,-1.5
118,122,119,Mikkel Damsgaard,Brentford,11.0,0,12,5,41.7,1.09,0.46,0.00,0.00,15.0,0,0,0,2.6,2.6,0.22,-2.6,-2.6
119,123,120,Danilo,Nott'ham Forest,10.8,3,15,4,26.7,1.38,0.37,0.20,0.75,20.4,0,0,0,1.5,1.5,0.10,+1.5,+1.5
120,124,121,Arnaut Danjuma,Tottenham,1.9,1,6,3,50.0,3.20,1.60,0.17,0.33,14.2,0,0,0,0.8,0.8,0.13,+0.2,+0.2
121,125,122,Josh Dasilva,Brentford,15.4,4,18,6,33.3,1.17,0.39,0.22,0.67,19.8,0,0,0,1.5,1.5,0.09,+2.5,+2.5
122,126,123,Ben Davies,Tottenham,25.4,2,14,5,35.7,0.55,0.20,0.14,0.40,16.7,0,0,0,1.0,1.0,0.07,+1.0,+1.0
123,127,124,Tom Davies,Everton,6.0,0,9,2,22.2,1.51,0.33,0.00,0.00,15.7,0,0,0,1.2,1.2,0.13,-1.2,-1.2
124,128,125,Craig Dawson,West Ham,8.0,0,6,1,16.7,0.75,0.12,0.00,0.00,15.1,0,0,0,0.5,0.5,0.08,-0.5,-0.5
125,130,126,Craig Dawson,Wolves,15.7,1,11,2,18.2,0.70,0.13,0.09,0.50,11.5,0,0,0,1.0,1.0,0.09,0.0,0.0
126,131,127,Kevin De Bruyne,Manchester City,26.9,7,65,21,32.3,2.42,0.78,0.11,0.33,23.0,7,0,0,5.6,5.6,0.09,+1.4,+1.4
127,132,128,Siriki Dembélé,Bournemouth,1.2,0,2,2,100.0,1.64,1.64,0.00,0.00,16.6,0,0,0,0.2,0.2,0.09,-0.2,-0.2
128,133,129,Leander Dendoncker,Aston Villa,7.7,0,2,0,0.0,0.26,0.00,0.00,,26.9,0,0,0,0.1,0.1,0.03,-0.1,-0.1
129,134,130,Leander Dendoncker,Wolves,2.4,0,3,2,66.7,1.26,0.84,0.00,0.00,16.7,0,0,0,0.7,0.7,0.22,-0.7,-0.7
130,135,131,Emmanuel Dennis,Nott'ham Forest,8.0,2,21,7,33.3,2.62,0.87,0.10,0.29,13.2,2,0,0,1.9,1.9,0.09,+0.1,+0.1
131,136,132,Halil Dervişoğlu,Brentford,0.1,0,1,0,0.0,11.25,0.00,0.00,,31.9,0,0,0,0.0,0.0,0.03,0.0,0.0
132,137,133,Kiernan Dewsbury-Hall,Leicester City,25.6,2,26,6,23.1,1.01,0.23,0.08,0.33,21.3,0,0,0,2.4,2.4,0.09,-0.4,-0.4
133,138,134,Ibrahima Diallo,Southampton,9.1,0,6,0,0.0,0.66,0.00,0.00,,28.4,0,0,0,0.2,0.2,0.03,-0.2,-0.2
134,139,135,Rúben Dias,Manchester City,22.2,0,10,2,20.0,0.45,0.09,0.00,0.00,9.1,0,0,0,1.3,1.3,0.13,-1.3,-1.3
135,140,136,Luis Díaz,Liverpool,11.1,4,27,8,29.6,2.44,0.72,0.15,0.50,15.1,0,0,0,2.5,2.5,0.09,+1.5,+1.5
136,141,137,Eric Dier,Tottenham,31.3,2,17,4,23.5,0.54,0.13,0.12,0.50,11.8,2,0,0,1.6,1.6,0.10,+0.4,+0.4
137,142,138,Lucas Digne,Aston Villa,16.7,1,8,3,37.5,0.48,0.18,0.13,0.33,20.5,4,0,0,0.4,0.4,0.05,+0.6,+0.6
138,143,139,Issa Diop,Fulham,22.4,1,3,2,66.7,0.13,0.09,0.33,0.50,12.3,0,0,0,0.3,0.3,0.09,+0.7,+0.7
139,144,140,Moussa Djenepo,Southampton,7.9,0,3,2,66.7,0.38,0.25,0.00,0.00,13.8,0,0,0,0.2,0.2,0.06,-0.2,-0.2
140,145,141,Ben Doak,Liverpool,0.3,0,0,0,,0.00,0.00,,,,0,0,0,0.0,0.0,,0.0,0.0
141,146,142,Matt Doherty,Tottenham,7.4,1,10,2,20.0,1.35,0.27,0.10,0.50,12.1,0,0,0,0.8,0.8,0.08,+0.2,+0.2
142,147,143,Gabriel Dos Santos,Arsenal,37.9,3,32,9,28.1,0.84,0.24,0.09,0.33,11.9,0,0,0,5.1,5.1,0.16,-2.1,-2.1
143,148,144,Abdoulaye Doucouré,Everton,17.0,5,20,8,40.0,1.17,0.47,0.25,0.63,13.2,0,0,0,2.4,2.4,0.12,+2.6,+2.6
144,149,145,Cheick Doucouré,Crystal Palace,30.8,0,36,7,19.4,1.17,0.23,0.00,0.00,24.6,0,0,0,1.4,1.4,0.04,-1.4,-1.4
145,150,146,Flynn Downes,West Ham,8.5,0,4,1,25.0,0.47,0.12,0.00,0.00,14.6,0,0,0,0.4,0.4,0.11,-0.4,-0.4
146,151,147,Kami Doyle,Southampton,0.1,0,0,0,,0.00,0.00,,,,0,0,0,0.0,0.0,,0.0,0.0
147,152,148,Cody Drameh,Leeds United,0.8,0,0,0,,0.00,0.00,,,,0,0,0,0.0,0.0,,0.0,0.0
148,153,149,Martin Dúbravka,Newcastle Utd,1.7,0,0,0,,0.00,0.00,,,,0,0,0,0.0,0.0,,0.0,0.0
149,154,150,Shane Duffy,Fulham,0.2,0,1,0,0.0,4.50,0.00,0.00,,6.1,0,0,0,0.2,0.2,0.16,-0.2,-0.2
150,156,151,Lewis Dunk,Brighton,36.0,1,22,3,13.6,0.61,0.08,0.05,0.33,11.7,1,0,0,1.7,1.7,0.08,-0.7,-0.7
151,157,152,Jhon Durán,Aston Villa,1.5,0,7,2,28.6,4.63,1.32,0.00,0.00,19.8,0,0,0,0.6,0.6,0.08,-0.6,-0.6
152,158,153,Malcolm Ebiowei,Crystal Palace,0.4,0,0,0,,0.00,0.00,,,,0,0,0,0.0,0.0,,0.0,0.0
153,159,154,Ederson,Manchester City,35.0,0,0,0,,0.00,0.00,,,,0,0,0,0.0,0.0,,0.0,0.0
154,160,155,Odsonne Édouard,Crystal Palace,20.0,5,39,15,38.5,1.95,0.75,0.13,0.33,12.5,0,0,0,4.2,4.2,0.11,+0.8,+0.8
155,161,156,Samuel Edozie,Southampton,6.3,0,8,3,37.5,1.27,0.48,0.00,0.00,16.5,0,0,0,0.9,0.9,0.11,-0.9,-0.9
156,162,157,Anthony Elanga,Manchester Utd,4.7,0,10,4,40.0,2.11,0.85,0.00,0.00,13.8,0,0,0,0.7,0.7,0.07,-0.7,-0.7
157,163,158,Harvey Elliott,Liverpool,17.9,1,36,12,33.3,2.01,0.67,0.03,0.08,19.3,0,0,0,2.1,2.1,0.06,-1.1,-1.1
158,164,159,Mohamed Elneny,Arsenal,1.3,0,0,0,,0.00,0.00,,,,0,0,0,0.0,0.0,,0.0,0.0
159,165,160,Mohamed Elyounoussi,Southampton,24.1,1,36,10,27.8,1.49,0.42,0.03,0.10,15.8,0,0,0,3.5,3.5,0.10,-2.5,-2.5
160,166,161,Emerson,Tottenham,19.3,2,17,6,35.3,0.88,0.31,0.12,0.33,16.6,0,0,0,1.7,1.7,0.10,+0.3,+0.3
161,167,162,Christian Eriksen,Manchester Utd,22.8,1,39,11,28.2,1.71,0.48,0.03,0.09,19.3,4,0,0,5.0,5.0,0.13,-4.0,-4.0
162,168,163,Pervis Estupiñán,Brighton,29.7,1,29,4,13.8,0.98,0.13,0.03,0.25,19.3,0,0,0,1.7,1.7,0.06,-0.7,-0.7
163,169,164,Jonny Evans,Leicester City,11.7,0,1,1,100.0,0.09,0.09,0.00,0.00,3.8,0,0,0,0.2,0.2,0.17,-0.2,-0.2
164,170,165,Eberechi Eze,Crystal Palace,29.3,10,70,25,35.7,2.39,0.85,0.13,0.36,21.9,14,1,1,7.3,6.5,0.09,+2.7,+2.5
165,171,166,Łukasz Fabiański,West Ham,34.6,0,0,0,,0.00,0.00,,,,0,0,0,0.0,0.0,,0.0,0.0
166,172,167,Fabinho,Liverpool,29.7,0,18,4,22.2,0.61,0.13,0.00,0.00,22.0,0,0,0,0.7,0.7,0.04,-0.7,-0.7
167,173,168,Wout Faes,Leicester City,31.0,1,13,3,23.1,0.42,0.10,0.08,0.33,11.8,0,0,0,1.2,1.2,0.09,-0.2,-0.2
168,174,169,Felipe,Nott'ham Forest,15.8,0,13,1,7.7,0.83,0.06,0.00,0.00,9.0,0,0,0,1.2,1.2,0.09,-1.2,-1.2
169,175,170,João Félix,Chelsea,10.5,4,46,16,34.8,4.40,1.53,0.09,0.25,18.0,3,0,0,4.9,4.9,0.11,-0.9,-0.9
170,176,171,Evan Ferguson,Brighton,10.6,6,36,17,47.2,3.41,1.61,0.17,0.35,15.2,0,0,0,5.3,5.3,0.15,+0.7,+0.7
171,177,172,Bruno Fernandes,Manchester Utd,36.8,8,90,32,35.6,2.44,0.87,0.07,0.19,20.8,6,2,2,9.3,7.7,0.09,-1.3,-1.7
172,178,173,Enzo Fernández,Chelsea,17.2,0,20,3,15.0,1.16,0.17,0.00,0.00,25.7,2,0,0,0.8,0.8,0.04,-0.8,-0.8
173,179,174,Roberto Firmino,Liverpool,13.5,11,39,25,64.1,2.89,1.85,0.28,0.44,12.3,0,0,0,5.5,5.5,0.14,+5.5,+5.5
174,180,175,Junior Firpo,Leeds United,15.2,1,2,1,50.0,0.13,0.07,0.50,1.00,12.2,0,0,0,0.1,0.1,0.06,+0.9,+0.9
175,182,176,Phil Foden,Manchester City,20.5,11,46,22,47.8,2.25,1.07,0.24,0.50,15.3,1,0,0,5.9,5.9,0.13,+5.1,+5.1
176,183,177,Datro Fofana,Chelsea,0.8,0,3,1,33.3,3.86,1.29,0.00,0.00,19.1,0,0,0,0.2,0.2,0.08,-0.2,-0.2
177,184,178,Wesley Fofana,Leicester City,2.0,0,2,1,50.0,1.00,0.50,0.00,0.00,10.1,0,0,0,0.1,0.1,0.06,-0.1,-0.1
178,185,179,Wesley Fofana,Chelsea,13.1,1,6,2,33.3,0.46,0.15,0.17,0.50,11.4,0,0,0,0.7,0.7,0.12,+0.3,+0.3
179,186,180,Pablo Fornals,West Ham,16.7,3,27,7,25.9,1.62,0.42,0.11,0.43,22.6,0,0,0,2.2,2.2,0.08,+0.8,+0.8
180,187,181,Adam Forshaw,Leeds United,5.3,0,1,0,0.0,0.19,0.00,0.00,,26.4,0,0,0,0.0,0.0,0.03,0.0,0.0
181,188,182,Fraser Forster,Tottenham,13.5,0,0,0,,0.00,0.00,,,,0,0,0,0.0,0.0,,0.0,0.0
182,189,183,Tyrese Francois,Fulham,0.0,0,0,0,,0.00,0.00,,,,0,0,0,0.0,0.0,,0.0,0.0
183,190,184,Ryan Fraser,Newcastle Utd,3.5,0,6,1,16.7,1.73,0.29,0.00,0.00,16.6,0,0,0,0.3,0.3,0.05,-0.3,-0.3
184,191,185,Fred,Manchester Utd,13.9,2,26,5,19.2,1.87,0.36,0.08,0.40,19.5,0,0,0,2.0,2.0,0.08,0.0,0.0
185,192,186,Ryan Fredericks,Bournemouth,5.9,0,0,0,,0.00,0.00,,,,0,0,0,0.0,0.0,,0.0,0.0
186,193,187,Remo Freuler,Nott'ham Forest,24.0,0,8,1,12.5,0.33,0.04,0.00,0.00,20.0,0,0,0,0.4,0.4,0.05,-0.4,-0.4
187,194,188,Cody Gakpo,Liverpool,16.2,7,39,12,30.8,2.41,0.74,0.18,0.58,14.8,0,0,0,6.2,6.2,0.16,+0.8,+0.8
188,195,189,Conor Gallagher,Chelsea,18.0,3,28,11,39.3,1.55,0.61,0.11,0.27,17.9,0,0,0,2.5,2.5,0.09,+0.5,+0.5
189,196,190,Idrissa Gana Gueye,Everton,28.6,0,15,6,40.0,0.52,0.21,0.00,0.00,25.1,1,0,0,0.7,0.7,0.05,-0.7,-0.7
190,197,191,Alejandro Garnacho,Manchester Utd,6.3,3,24,9,37.5,3.80,1.42,0.13,0.33,16.3,0,0,0,3.0,3.0,0.13,0.0,0.0
191,198,192,James Garner,Everton,8.9,0,9,3,33.3,1.01,0.34,0.00,0.00,22.3,1,0,0,0.8,0.8,0.08,-0.8,-0.8
192,199,193,David de Gea,Manchester Utd,38.0,0,0,0,,0.00,0.00,,,,0,0,0,0.0,0.0,,0.0,0.0
193,200,194,Joe Gelhardt,Leeds United,2.4,0,10,2,20.0,4.25,0.85,0.00,0.00,23.5,1,0,0,0.8,0.8,0.08,-0.8,-0.8
194,201,195,Saman Ghoddos,Brentford,1.5,0,1,1,100.0,0.65,0.65,0.00,0.00,19.2,0,0,0,0.0,0.0,0.05,0.0,0.0
195,202,196,Morgan Gibbs-White,Wolves,2.0,0,3,1,33.3,1.50,0.50,0.00,0.00,11.5,0,0,0,0.7,0.7,0.24,-0.7,-0.7
196,203,197,Morgan Gibbs-White,Nott'ham Forest,33.0,5,57,19,33.3,1.73,0.58,0.05,0.16,20.0,3,2,2,6.0,4.4,0.08,-1.0,-1.4
197,204,198,Bryan Gil,Tottenham,1.6,0,2,1,50.0,1.22,0.61,0.00,0.00,19.4,0,0,0,0.1,0.1,0.05,-0.1,-0.1
198,205,199,Billy Gilmour,Brighton,5.6,0,6,1,16.7,1.07,0.18,0.00,0.00,20.1,0,0,0,0.5,0.5,0.09,-0.5,-0.5
199,206,200,Degnand Gnonto,Leeds United,15.0,2,22,8,36.4,1.46,0.53,0.09,0.25,17.4,0,0,0,1.8,1.8,0.08,+0.2,+0.2
200,208,201,Ben Godfrey,Everton,8.9,0,6,0,0.0,0.67,0.00,0.00,,13.1,0,0,0,1.2,1.2,0.21,-1.2,-1.2
201,209,202,João Gomes,Wolves,7.3,1,4,2,50.0,0.55,0.28,0.25,0.50,20.7,0,0,0,0.3,0.3,0.08,+0.7,+0.7
202,210,203,Toti Gomes,Wolves,10.9,1,5,2,40.0,0.46,0.18,0.20,0.50,9.9,0,0,0,0.4,0.4,0.08,+0.6,+0.6
203,211,204,Joe Gomez,Liverpool,16.3,0,6,2,33.3,0.37,0.12,0.00,0.00,24.5,0,0,0,0.2,0.2,0.03,-0.2,-0.2
204,212,205,Sergio Gómez,Manchester City,3.9,0,7,0,0.0,1.81,0.00,0.00,,22.1,0,0,0,0.4,0.4,0.05,-0.4,-0.4
205,213,206,Anthony Gordon,Newcastle Utd,5.4,1,8,2,25.0,1.48,0.37,0.13,0.50,14.0,0,0,0,1.7,1.7,0.21,-0.7,-0.7
206,214,207,Anthony Gordon,Everton,12.2,3,26,16,61.5,2.14,1.32,0.12,0.19,16.6,1,0,0,3.3,3.3,0.13,-0.3,-0.3
207,215,208,Demarai Gray,Everton,27.9,4,57,22,38.6,2.05,0.79,0.04,0.09,19.5,8,2,2,6.2,4.7,0.08,-2.2,-2.7
208,216,209,Jack Grealish,Manchester City,22.8,5,41,15,36.6,1.80,0.66,0.12,0.33,15.4,0,0,0,4.6,4.6,0.11,+0.4,+0.4
209,217,210,Sam Greenwood,Leeds United,4.7,1,12,2,16.7,2.55,0.42,0.08,0.50,24.2,5,0,0,0.7,0.7,0.06,+0.3,+0.3
210,218,211,Pascal Groß,Brighton,36.0,9,39,19,48.7,1.08,0.53,0.23,0.47,17.4,1,0,0,5.4,5.4,0.14,+3.6,+3.6
211,219,212,Vicente Guaita,Crystal Palace,27.0,0,0,0,,0.00,0.00,,,,0,0,0,0.0,0.0,,0.0,0.0
212,220,213,Gonçalo Guedes,Wolves,7.9,1,19,6,31.6,2.42,0.76,0.05,0.17,18.4,1,0,0,1.2,1.2,0.06,-0.2,-0.2
213,221,214,Marc Guéhi,Crystal Palace,37.0,1,14,6,42.9,0.38,0.16,0.07,0.17,8.3,0,0,0,1.5,1.5,0.10,-0.5,-0.5
214,222,215,Bruno Guimarães,Newcastle Utd,30.3,4,28,8,28.6,0.92,0.26,0.14,0.50,19.7,0,0,0,2.8,2.8,0.10,+1.2,+1.2
215,223,216,İlkay Gündoğan,Manchester City,26.1,8,53,20,37.7,2.03,0.76,0.15,0.40,18.1,5,0,1,7.5,6.7,0.13,+0.5,+1.3
216,224,217,Darko Gyabi,Leeds United,0.1,0,1,0,0.0,11.25,0.00,0.00,,17.8,0,0,0,0.1,0.1,0.06,-0.1,-0.1
217,225,218,Erling Haaland,Manchester City,30.8,36,116,53,45.7,3.77,1.72,0.25,0.55,12.6,0,7,7,28.4,23.1,0.20,+7.6,+5.9
218,226,219,Lewis Hall,Chelsea,7.3,0,11,5,45.5,1.51,0.69,0.00,0.00,15.0,0,0,0,0.9,0.9,0.08,-0.9,-0.9
219,227,220,Luke Harris,Fulham,0.1,0,0,0,,0.00,0.00,,,,0,0,0,0.0,0.0,,0.0,0.0
220,228,221,Jack Harrison,Leeds United,30.1,5,39,14,35.9,1.30,0.47,0.13,0.36,17.8,3,0,0,4.7,4.7,0.12,+0.3,+0.3
221,229,222,Kai Havertz,Chelsea,28.5,7,70,31,44.3,2.45,1.09,0.09,0.19,12.7,1,1,1,11.6,10.8,0.15,-4.6,-4.8
222,230,223,Jan Paul van Hecke,Brighton,3.3,0,2,0,0.0,0.61,0.00,0.00,,16.3,0,0,0,0.6,0.6,0.30,-0.6,-0.6
223,231,224,Hwang Hee-chan,Wolves,12.6,3,18,7,38.9,1.43,0.56,0.17,0.43,15.0,0,0,0,2.9,2.9,0.16,+0.1,+0.1
224,232,225,Dean Henderson,Nott'ham Forest,18.0,0,0,0,,0.00,0.00,,,,0,0,0,0.0,0.0,,0.0,0.0
225,234,226,Jordan Henderson,Liverpool,23.0,0,23,5,21.7,1.00,0.22,0.00,0.00,22.8,0,0,0,1.4,1.4,0.06,-1.4,-1.4
226,235,227,Wayne Hennessey,Nott'ham Forest,3.0,0,0,0,,0.00,0.00,,,,0,0,0,0.0,0.0,,0.0,0.0
227,236,228,Rico Henry,Brentford,36.0,0,22,4,18.2,0.61,0.11,0.00,0.00,20.0,0,0,0,1.6,1.6,0.07,-1.6,-1.6
228,237,229,Son Heung-min,Tottenham,32.1,10,81,38,46.9,2.52,1.18,0.12,0.26,18.3,5,0,0,10.1,10.1,0.12,-0.1,-0.1
229,238,230,Aaron Hickey,Brentford,21.3,0,11,2,18.2,0.52,0.09,0.00,0.00,21.5,0,0,0,0.4,0.4,0.04,-0.4,-0.4
230,239,231,Jack Hinshelwood,Brighton,0.0,0,0,0,,0.00,0.00,,,,0,0,0,0.0,0.0,,0.0,0.0
231,240,232,Joseph Hodge,Wolves,1.9,0,2,0,0.0,1.03,0.00,0.00,,11.2,0,0,0,0.3,0.3,0.13,-0.3,-0.3
232,241,233,Rob Holding,Arsenal,6.3,1,5,2,40.0,0.80,0.32,0.20,0.50,12.8,0,0,0,0.3,0.3,0.07,+0.7,+0.7
233,242,234,Mason Holgate,Everton,5.6,0,4,0,0.0,0.71,0.00,0.00,,11.5,0,0,0,1.0,1.0,0.25,-1.0,-1.0
234,243,235,Will Hughes,Crystal Palace,9.4,1,6,4,66.7,0.64,0.43,0.17,0.25,17.2,0,0,0,0.3,0.3,0.06,+0.7,+0.7
235,244,236,Omari Hutchinson,Chelsea,0.3,0,0,0,,0.00,0.00,,,,0,0,0,0.0,0.0,,0.0,0.0
236,245,237,Pierre Højbjerg,Tottenham,34.8,4,33,9,27.3,0.95,0.26,0.12,0.44,21.2,0,0,0,2.0,2.0,0.06,+2.0,+2.0
237,246,238,Kelechi Iheanacho,Leicester City,12.5,5,38,13,34.2,3.03,1.04,0.11,0.31,17.1,0,1,1,7.1,6.3,0.17,-2.1,-2.3
238,247,239,Danny Ings,West Ham,8.6,2,15,4,26.7,1.74,0.46,0.13,0.50,11.2,0,0,0,3.0,3.0,0.20,-1.0,-1.0
239,248,240,Danny Ings,Aston Villa,9.2,6,25,12,48.0,2.73,1.31,0.16,0.33,15.5,0,2,2,5.3,3.8,0.15,+0.7,+0.2
240,249,241,Alexander Isak,Newcastle Utd,16.9,10,49,23,46.9,2.90,1.36,0.16,0.35,15.0,0,2,2,8.2,6.7,0.14,+1.8,+1.3
241,250,242,Daniel Iversen,Leicester City,12.0,0,0,0,,0.00,0.00,,,,0,0,0,0.0,0.0,,0.0,0.0
242,251,243,Alex Iwobi,Everton,37.5,2,42,15,35.7,1.12,0.40,0.05,0.13,21.0,0,0,0,2.5,2.5,0.06,-0.5,-0.5
243,252,244,Daniel James,Leeds United,2.2,0,3,1,33.3,1.36,0.45,0.00,0.00,17.6,0,0,0,0.3,0.3,0.09,-0.3,-0.3
244,253,245,Daniel James,Fulham,6.9,2,14,3,21.4,2.03,0.43,0.14,0.67,13.0,0,0,0,1.7,1.7,0.12,+0.3,+0.3
245,254,246,Reece James,Chelsea,13.8,1,16,4,25.0,1.16,0.29,0.06,0.25,22.4,2,0,0,1.0,1.0,0.06,0.0,0.0
246,255,247,Vitaly Janelt,Brentford,24.5,3,14,5,35.7,0.57,0.20,0.21,0.60,15.8,0,0,0,2.4,2.4,0.17,+0.6,+0.6
247,256,248,Pontus Jansson,Brentford,8.0,1,4,2,50.0,0.50,0.25,0.25,0.50,9.9,0,0,0,0.3,0.3,0.08,+0.7,+0.7
248,257,249,Mathias Jensen,Brentford,31.1,5,23,7,30.4,0.74,0.22,0.22,0.71,22.0,4,0,0,2.2,2.2,0.09,+2.8,+2.8
249,258,250,Gabriel Jesus,Arsenal,22.9,11,76,31,40.8,3.31,1.35,0.13,0.32,10.6,0,1,1,14.0,13.2,0.18,-3.0,-3.2
250,260,251,Raúl Jiménez,Wolves,9.4,0,20,9,45.0,2.13,0.96,0.00,0.00,14.5,0,0,0,2.6,2.6,0.13,-2.6,-2.6
251,261,252,Joelinton,Newcastle Utd,29.6,6,51,19,37.3,1.72,0.64,0.12,0.32,14.6,0,0,0,7.1,7.1,0.14,-1.1,-1.1
252,262,253,Ben Johnson,West Ham,9.6,0,2,1,50.0,0.21,0.10,0.00,0.00,21.2,0,0,0,0.1,0.1,0.03,-0.1,-0.1
253,263,254,Brennan Johnson,Nott'ham Forest,32.6,8,52,24,46.2,1.60,0.74,0.13,0.29,16.6,0,1,3,8.6,6.2,0.12,-0.6,+0.8
254,264,255,Sam Johnstone,Crystal Palace,9.0,0,0,0,,0.00,0.00,,,,0,0,0,0.0,0.0,,0.0,0.0
255,265,256,Curtis Jones,Liverpool,11.5,3,15,5,33.3,1.30,0.43,0.20,0.60,17.9,0,0,0,1.2,1.2,0.08,+1.8,+1.8
256,266,257,Jorginho,Arsenal,9.5,0,6,0,0.0,0.63,0.00,0.00,,22.3,0,0,0,0.2,0.2,0.04,-0.2,-0.2
257,267,258,Jorginho,Chelsea,14.2,2,3,1,33.3,0.21,0.07,0.00,0.00,34.1,0,2,2,1.7,0.1,0.04,+0.3,-0.1
258,268,259,Mateo Joseph,Leeds United,0.3,0,1,1,100.0,3.46,3.46,0.00,0.00,15.4,0,0,0,0.1,0.1,0.12,-0.1,-0.1
259,269,260,Diogo Jota,Liverpool,12.6,7,35,11,31.4,2.79,0.88,0.20,0.64,11.7,0,0,0,6.5,6.5,0.19,+0.5,+0.5
260,270,261,Hamed Junior Traorè,Bournemouth,4.7,0,6,0,0.0,1.26,0.00,0.00,,17.1,1,0,0,0.9,0.9,0.15,-0.9,-0.9
261,271,262,James Justin,Leicester City,13.9,0,5,0,0.0,0.36,0.00,0.00,,23.4,0,0,0,0.3,0.3,0.06,-0.3,-0.3
262,272,263,Mathias Jørgensen,Brentford,12.3,0,5,1,20.0,0.41,0.08,0.00,0.00,7.8,0,0,0,0.9,0.9,0.18,-0.9,-0.9
263,273,264,Sasa Kalajdzic,Wolves,0.5,0,1,0,0.0,2.00,0.00,0.00,,4.4,0,0,0,0.3,0.3,0.27,-0.3,-0.3
264,274,265,Boubacar Kamara,Aston Villa,19.7,0,4,1,25.0,0.20,0.05,0.00,0.00,29.7,0,0,0,0.2,0.2,0.05,-0.2,-0.2
265,275,266,Harry Kane,Tottenham,37.8,30,124,54,43.5,3.28,1.43,0.20,0.46,16.0,3,5,6,21.5,16.7,0.13,+8.5,+8.3
266,276,267,N'Golo Kanté,Chelsea,5.8,0,8,1,12.5,1.39,0.17,0.00,0.00,20.9,0,0,0,0.3,0.3,0.04,-0.3,-0.3
267,277,268,Michael Keane,Everton,10.9,1,14,4,28.6,1.28,0.37,0.07,0.25,12.9,0,0,0,1.3,1.3,0.10,-0.3,-0.3
268,278,269,Neeskens Kebano,Fulham,8.5,0,9,2,22.2,1.06,0.24,0.00,0.00,15.2,0,0,0,0.5,0.5,0.05,-0.5,-0.5
269,279,270,Thilo Kehrer,West Ham,24.8,0,8,1,12.5,0.32,0.04,0.00,0.00,18.4,0,0,0,0.5,0.5,0.06,-0.5,-0.5
270,280,271,Naby Keïta,Liverpool,3.3,0,10,0,0.0,3.07,0.00,0.00,,20.6,0,0,0,0.6,0.6,0.06,-0.6,-0.6
271,281,272,Caoimhín Kelleher,Liverpool,1.0,0,0,0,,0.00,0.00,,,,0,0,0,0.0,0.0,,0.0,0.0
272,282,273,Lloyd Kelly,Bournemouth,22.7,0,3,0,0.0,0.13,0.00,0.00,,8.9,0,0,0,0.2,0.2,0.07,-0.2,-0.2
273,283,274,Max Kilman,Wolves,36.7,0,14,0,0.0,0.38,0.00,0.00,,10.1,0,0,0,1.3,1.3,0.10,-1.3,-1.3
274,284,275,Jakub Kiwior,Arsenal,4.7,1,1,1,100.0,0.21,0.21,1.00,1.00,10.0,0,0,0,0.1,0.1,0.09,+0.9,+0.9
275,286,276,Mateusz Klich,Leeds United,3.1,0,4,1,25.0,1.29,0.32,0.00,0.00,21.7,0,0,0,0.2,0.2,0.04,-0.2,-0.2
276,287,277,Robin Koch,Leeds United,35.3,0,17,4,23.5,0.48,0.11,0.00,0.00,11.1,0,0,0,1.5,1.5,0.09,-1.5,-1.5
277,288,278,Ibrahima Konaté,Liverpool,17.2,0,11,3,27.3,0.64,0.17,0.00,0.00,9.7,0,0,0,1.2,1.2,0.11,-1.2,-1.2
278,289,279,Ezri Konsa,Aston Villa,36.9,0,8,0,0.0,0.22,0.00,0.00,,8.0,0,0,0,1.1,1.1,0.13,-1.1,-1.1
279,290,280,Kalidou Koulibaly,Chelsea,20.0,2,11,4,36.4,0.55,0.20,0.18,0.50,12.0,0,0,0,0.9,0.9,0.09,+1.1,+1.1
280,291,281,Cheikhou Kouyaté,Nott'ham Forest,9.8,1,6,5,83.3,0.61,0.51,0.17,0.20,19.4,0,0,0,0.4,0.4,0.06,+0.6,+0.6
281,292,282,Mateo Kovačić,Chelsea,19.0,1,23,1,4.3,1.21,0.05,0.04,1.00,22.1,0,0,0,1.8,1.8,0.08,-0.8,-0.8
282,293,283,Emil Krafth,Newcastle Utd,0.0,0,0,0,,0.00,0.00,,,,0,0,0,0.0,0.0,,0.0,0.0
283,294,284,Dejan Kulusevski,Tottenham,23.0,2,43,10,23.3,1.87,0.44,0.05,0.20,17.6,0,0,0,2.6,2.6,0.06,-0.6,-0.6
284,295,285,Layvin Kurzawa,Fulham,1.5,0,0,0,,0.00,0.00,,,,0,0,0,0.0,0.0,,0.0,0.0
285,296,286,Adam Lallana,Brighton,8.0,2,8,5,62.5,1.00,0.62,0.25,0.40,13.3,0,0,0,0.9,0.9,0.11,+1.1,+1.1
286,297,287,Tariq Lamptey,Brighton,5.0,0,5,0,0.0,0.99,0.00,0.00,,20.1,0,0,0,0.2,0.2,0.04,-0.2,-0.2
287,298,288,Manuel Lanzini,West Ham,2.8,1,3,1,33.3,1.07,0.36,0.33,1.00,23.1,0,0,0,0.5,0.5,0.18,+0.5,+0.5
288,299,289,Aymeric Laporte,Manchester City,11.0,0,10,1,10.0,0.91,0.09,0.00,0.00,14.9,0,0,0,0.5,0.5,0.05,-0.5,-0.5
289,300,290,Juan Larios,Southampton,1.7,0,0,0,,0.00,0.00,,,,0,0,0,0.0,0.0,,0.0,0.0
290,301,291,Jamaal Lascelles,Newcastle Utd,2.4,0,2,0,0.0,0.83,0.00,0.00,,9.7,0,0,0,0.1,0.1,0.05,-0.1,-0.1
291,302,292,Roméo Lavia,Southampton,24.7,1,12,3,25.0,0.49,0.12,0.08,0.33,27.0,0,0,0,0.4,0.4,0.03,+0.6,+0.6
292,303,293,Dexter Lembikisa,Wolves,0.3,0,0,0,,0.00,0.00,,,,0,0,0,0.0,0.0,,0.0,0.0
293,304,294,Mario Lemina,Wolves,14.4,0,9,2,22.2,0.62,0.14,0.00,0.00,27.4,0,0,0,0.3,0.3,0.03,-0.3,-0.3
294,305,295,Clément Lenglet,Tottenham,22.4,0,13,2,15.4,0.58,0.09,0.00,0.00,15.5,0,0,0,1.0,1.0,0.07,-1.0,-1.0
295,306,296,Bernd Leno,Fulham,36.0,0,0,0,,0.00,0.00,,,,0,0,0,0.0,0.0,,0.0,0.0
296,307,297,Jefferson Lerma,Bournemouth,36.1,5,35,10,28.6,0.97,0.28,0.14,0.50,17.6,0,0,0,2.6,2.6,0.07,+2.4,+2.4
297,308,298,Jamal Lewis,Newcastle Utd,0.1,0,0,0,,0.00,0.00,,,,0,0,0,0.0,0.0,,0.0,0.0
298,309,299,Rico Lewis,Manchester City,10.0,0,5,2,40.0,0.50,0.20,0.00,0.00,21.1,0,0,0,0.2,0.2,0.04,-0.2,-0.2
299,310,300,Keane Lewis-Potter,Brentford,3.6,0,7,2,28.6,1.96,0.56,0.00,0.00,14.1,0,0,0,0.5,0.5,0.07,-0.5,-0.5
300,312,301,Victor Lindelöf,Manchester Utd,15.2,0,3,0,0.0,0.20,0.00,0.00,,7.9,0,0,0,0.3,0.3,0.09,-0.3,-0.3
301,313,302,Jesse Lingard,Nott'ham Forest,10.3,0,10,2,20.0,0.98,0.20,0.00,0.00,19.3,0,0,0,1.0,1.0,0.10,-1.0,-1.0
302,314,303,Valentino Livramento,Southampton,0.3,0,0,0,,0.00,0.00,,,,0,0,0,0.0,0.0,,0.0,0.0
303,315,304,Diego Llorente,Leeds United,7.2,0,6,0,0.0,0.83,0.00,0.00,,12.5,0,0,0,0.7,0.7,0.12,-0.7,-0.7
304,316,305,Hugo Lloris,Tottenham,24.5,0,0,0,,0.00,0.00,,,,0,0,0,0.0,0.0,,0.0,0.0
305,317,306,Renan Lodi,Nott'ham Forest,24.6,0,15,0,0.0,0.61,0.00,0.00,,19.9,2,0,0,1.0,1.0,0.06,-1.0,-1.0
306,318,307,Ruben Loftus-Cheek,Chelsea,17.1,0,9,2,22.2,0.53,0.12,0.00,0.00,18.6,0,0,0,0.8,0.8,0.09,-0.8,-0.8
307,319,308,Sean Longstaff,Newcastle Utd,28.0,1,33,7,21.2,1.18,0.25,0.03,0.14,16.0,0,0,0,3.6,3.6,0.11,-2.6,-2.6
308,320,309,Jamal Lowe,Bournemouth,0.1,0,0,0,,0.00,0.00,,,,0,0,0,0.0,0.0,,0.0,0.0
309,321,310,Douglas Luiz,Aston Villa,32.5,6,34,12,35.3,1.05,0.37,0.18,0.50,25.0,7,0,0,2.8,2.8,0.08,+3.2,+3.2
310,322,311,Saša Lukić,Fulham,4.6,0,5,1,20.0,1.09,0.22,0.00,0.00,27.1,0,0,0,0.1,0.1,0.02,-0.1,-0.1
311,323,312,Lyanco,Southampton,13.1,1,12,4,33.3,0.92,0.31,0.08,0.25,19.1,0,0,0,0.6,0.6,0.05,+0.4,+0.4
312,324,313,Alexis Mac Allister,Brighton,32.1,10,80,28,35.0,2.49,0.87,0.05,0.14,22.5,8,6,6,12.1,7.3,0.09,-2.1,-3.3
313,325,314,James Maddison,Leicester City,27.6,10,83,27,32.5,3.01,0.98,0.11,0.33,21.1,13,1,2,8.7,6.6,0.08,+1.3,+2.4
314,326,315,Noni Madueke,Chelsea,7.1,1,12,6,50.0,1.68,0.84,0.08,0.17,15.6,0,0,0,0.9,0.9,0.08,+0.1,+0.1
315,327,316,Harry Maguire,Manchester Utd,8.5,0,3,0,0.0,0.35,0.00,0.00,,9.0,0,0,0,0.3,0.3,0.12,-0.3,-0.3
316,328,317,Riyad Mahrez,Manchester City,21.3,5,42,12,28.6,1.97,0.56,0.10,0.33,17.2,7,1,1,5.5,4.7,0.11,-0.5,-0.7
317,329,318,Kobbie Mainoo,Manchester Utd,0.1,0,0,0,,0.00,0.00,,,,0,0,0,0.0,0.0,,0.0,0.0
318,330,319,Ainsley Maitland-Niles,Southampton,15.6,0,1,1,100.0,0.06,0.06,0.00,0.00,31.4,0,0,0,0.0,0.0,0.02,0.0,0.0
319,331,320,Tyrell Malacia,Manchester Utd,15.5,0,5,2,40.0,0.32,0.13,0.00,0.00,22.1,0,0,0,0.2,0.2,0.05,-0.2,-0.2
320,332,321,Orel Mangala,Nott'ham Forest,17.2,1,9,3,33.3,0.52,0.17,0.11,0.33,20.7,0,0,0,0.6,0.6,0.06,+0.4,+0.4
321,333,322,Javier Manquillo,Newcastle Utd,0.4,0,0,0,,0.00,0.00,,,,0,0,0,0.0,0.0,,0.0,0.0
322,334,323,Sekou Mara,Southampton,6.2,1,17,4,23.5,2.76,0.65,0.06,0.25,16.2,0,0,0,1.0,1.0,0.06,0.0,0.0
323,335,324,Solly March,Brighton,30.2,7,74,31,41.9,2.45,1.03,0.09,0.23,16.2,1,0,0,8.1,8.1,0.11,-1.1,-1.1
324,336,325,Emiliano Marcondes,Bournemouth,0.1,0,0,0,,0.00,0.00,,,,0,0,0,0.0,0.0,,0.0,0.0
325,338,326,Marquinhos,Arsenal,0.0,0,0,0,,0.00,0.00,,,,0,0,0,0.0,0.0,,0.0,0.0
326,339,327,Anthony Martial,Manchester Utd,10.9,6,26,12,46.2,2.39,1.10,0.19,0.42,13.2,0,1,1,6.2,5.5,0.21,-0.2,-0.5
327,340,328,Martinelli,Arsenal,31.0,15,79,30,38.0,2.55,0.97,0.19,0.50,15.4,2,0,0,9.3,9.3,0.12,+5.7,+5.7
328,341,329,Emiliano Martínez,Aston Villa,34.9,0,0,0,,0.00,0.00,,,,0,0,0,0.0,0.0,,0.0,0.0
329,342,330,Lisandro Martínez,Manchester Utd,23.5,1,10,1,10.0,0.43,0.04,0.10,1.00,14.8,0,0,0,0.5,0.5,0.05,+0.5,+0.5
330,343,331,Pape Matar Sarr,Tottenham,2.4,0,2,0,0.0,0.83,0.00,0.00,,27.3,0,0,0,0.1,0.1,0.03,-0.1,-0.1
331,344,332,Jean-Philippe Mateta,Crystal Palace,8.6,2,27,7,25.9,3.16,0.82,0.07,0.29,12.2,0,0,0,3.4,3.4,0.13,-1.4,-1.4
332,345,333,Joël Matip,Liverpool,12.1,1,5,3,60.0,0.41,0.25,0.20,0.33,8.3,0,0,0,0.7,0.7,0.17,+0.3,+0.3
333,346,334,Neal Maupay,Everton,12.4,1,32,13,40.6,2.58,1.05,0.03,0.08,14.3,0,0,0,4.8,4.8,0.15,-3.8,-3.8
334,347,335,Kevin Mbabu,Fulham,1.6,0,0,0,,0.00,0.00,,,,0,0,0,0.0,0.0,,0.0,0.0
335,348,336,Bryan Mbeumo,Brentford,32.3,9,70,32,45.7,2.17,0.99,0.11,0.25,16.3,1,1,1,9.8,9.0,0.13,-0.8,-1.0
336,349,337,James McArthur,Crystal Palace,0.6,0,0,0,,0.00,0.00,,,,0,0,0,0.0,0.0,,0.0,0.0
337,350,338,Alex McCarthy,Southampton,6.0,0,0,0,,0.00,0.00,,,,0,0,0,0.0,0.0,,0.0,0.0
338,351,339,John McGinn,Aston Villa,29.9,1,42,11,26.2,1.40,0.37,0.02,0.09,23.6,0,0,0,2.4,2.4,0.06,-1.4,-1.4
339,352,340,Scott McKenna,Nott'ham Forest,17.5,0,2,0,0.0,0.11,0.00,0.00,,8.2,0,0,0,0.1,0.1,0.04,-0.1,-0.1
340,353,341,Weston McKennie,Leeds United,16.0,0,13,2,15.4,0.81,0.13,0.00,0.00,15.9,0,0,0,0.8,0.8,0.06,-0.8,-0.8
341,354,342,Dwight McNeil,Everton,27.8,7,46,15,32.6,1.66,0.54,0.15,0.47,20.5,1,0,0,3.5,3.5,0.08,+3.5,+3.5
342,355,343,Scott McTominay,Manchester Utd,12.9,1,13,6,46.2,1.01,0.47,0.08,0.17,14.9,0,0,0,1.9,1.9,0.15,-0.9,-0.9
343,356,344,Ben Mee,Brentford,36.3,3,28,7,25.0,0.77,0.19,0.11,0.43,10.3,0,0,0,3.2,3.2,0.12,-0.2,-0.2
344,357,345,Edouard Mendy,Chelsea,9.5,0,0,0,,0.00,0.00,,,,0,0,0,0.0,0.0,,0.0,0.0
345,358,346,Nampalys Mendy,Leicester City,8.4,1,2,1,50.0,0.24,0.12,0.50,1.00,21.1,0,0,0,0.1,0.1,0.07,+0.9,+0.9
346,359,347,Chris Mepham,Bournemouth,24.4,0,8,4,50.0,0.33,0.16,0.00,0.00,9.8,0,0,0,0.7,0.7,0.09,-0.7,-0.7
347,360,348,Illan Meslier,Leeds United,34.0,0,1,1,100.0,0.03,0.03,0.00,0.00,9.0,0,0,0,0.1,0.1,0.12,-0.1,-0.1
348,361,349,Alexander Mighten,Nott'ham Forest,0.1,0,0,0,,0.00,0.00,,,,0,0,0,0.0,0.0,,0.0,0.0
349,362,350,Lewis Miley,Newcastle Utd,0.2,0,1,0,0.0,6.00,0.00,0.00,,20.1,0,0,0,0.1,0.1,0.07,-0.1,-0.1
350,364,351,Luka Milivojević,Crystal Palace,5.7,0,7,0,0.0,1.23,0.00,0.00,,25.1,1,0,0,0.3,0.3,0.05,-0.3,-0.3
351,365,352,James Milner,Liverpool,10.1,0,7,1,14.3,0.69,0.10,0.00,0.00,17.9,0,0,0,0.4,0.4,0.06,-0.4,-0.4
352,366,353,Yerry Mina,Everton,6.6,2,8,4,50.0,1.21,0.61,0.25,0.50,8.4,0,0,0,1.5,1.5,0.18,+0.5,+0.5
353,367,354,Tyrone Mings,Aston Villa,35.0,1,7,2,28.6,0.20,0.06,0.14,0.50,12.1,0,0,0,1.2,1.2,0.17,-0.2,-0.2
354,368,355,Tyrick Mitchell,Crystal Palace,32.1,0,6,1,16.7,0.19,0.03,0.00,0.00,11.6,0,0,0,0.6,0.6,0.10,-0.6,-0.6
355,369,356,Kaoru Mitoma,Brighton,25.8,7,52,21,40.4,2.02,0.82,0.13,0.33,13.2,0,0,0,8.1,8.1,0.16,-1.1,-1.1
356,370,357,Aleksandar Mitrović,Fulham,22.3,14,85,27,31.8,3.81,1.21,0.12,0.37,15.1,0,4,8,14.9,8.6,0.10,-0.9,+1.4
357,371,358,Kieffer Moore,Bournemouth,14.2,4,23,8,34.8,1.62,0.56,0.17,0.50,11.2,0,0,0,4.4,4.4,0.19,-0.4,-0.4
358,372,359,Andrew Moran,Brighton,0.1,0,0,0,,0.00,0.00,,,,0,0,0,0.0,0.0,,0.0,0.0
359,373,360,Álex Moreno,Aston Villa,14.8,0,13,3,23.1,0.88,0.20,0.00,0.00,18.4,0,0,0,0.6,0.6,0.05,-0.6,-0.6
360,374,361,Mason Mount,Chelsea,18.3,3,33,9,27.3,1.80,0.49,0.09,0.33,19.7,2,0,0,2.0,2.0,0.06,+1.0,+1.0
361,375,362,Lucas Moura,Tottenham,1.7,1,4,1,25.0,2.35,0.59,0.25,1.00,10.9,0,0,0,0.5,0.5,0.14,+0.5,+0.5
362,376,363,João Moutinho,Wolves,19.8,0,16,3,18.8,0.81,0.15,0.00,0.00,18.4,3,0,0,1.3,1.3,0.08,-1.3,-1.3
363,377,364,Divin Mubama,West Ham,0.4,0,0,0,,0.00,0.00,,,,0,0,0,0.0,0.0,,0.0,0.0
364,378,365,Mykhailo Mudryk,Chelsea,7.3,0,14,5,35.7,1.92,0.68,0.00,0.00,18.4,0,0,0,1.9,1.9,0.13,-1.9,-1.9
365,379,366,Jacob Murphy,Newcastle Utd,13.9,4,29,10,34.5,2.09,0.72,0.14,0.40,18.6,0,0,0,3.3,3.3,0.11,+0.7,+0.7
366,380,367,Enock Mwepu,Brighton,2.4,0,2,1,50.0,0.85,0.42,0.00,0.00,16.7,0,0,0,0.2,0.2,0.11,-0.2,-0.2
367,381,368,Vitaliy Mykolenko,Everton,29.5,0,10,3,30.0,0.34,0.10,0.00,0.00,20.3,0,0,0,0.5,0.5,0.05,-0.5,-0.5
368,382,369,Keylor Navas,Nott'ham Forest,17.0,0,0,0,,0.00,0.00,,,,0,0,0,0.0,0.0,,0.0,0.0
369,383,370,Wilfred Ndidi,Leicester City,18.7,0,7,2,28.6,0.38,0.11,0.00,0.00,25.1,0,0,0,0.2,0.2,0.03,-0.2,-0.2
370,384,371,Reiss Nelson,Arsenal,2.4,3,12,7,58.3,5.09,2.97,0.25,0.43,16.4,1,0,0,1.1,1.1,0.09,+1.9,+1.9
371,385,372,Neto,Bournemouth,26.5,0,0,0,,0.00,0.00,,,,0,0,0,0.0,0.0,,0.0,0.0
372,386,373,Pedro Neto,Wolves,10.7,0,17,3,17.6,1.59,0.28,0.00,0.00,20.7,1,0,0,1.1,1.1,0.06,-1.1,-1.1
373,387,374,Rúben Neves,Wolves,33.5,6,63,13,20.6,1.88,0.39,0.05,0.23,26.7,11,3,3,5.2,2.8,0.04,+0.8,+0.2
374,388,375,Moussa Niakhate,Nott'ham Forest,12.9,0,6,3,50.0,0.46,0.23,0.00,0.00,12.4,0,0,0,0.6,0.6,0.10,-0.6,-0.6
375,390,376,Rasmus Nissen,Leeds United,21.8,3,13,5,38.5,0.60,0.23,0.23,0.60,15.2,0,0,0,0.8,0.8,0.06,+2.2,+2.2
376,391,377,Eddie Nketiah,Arsenal,12.1,4,41,14,34.1,3.39,1.16,0.10,0.29,11.3,0,0,0,8.2,8.2,0.20,-4.2,-4.2
377,392,378,Matheus Nunes,Wolves,27.4,1,28,9,32.1,1.02,0.33,0.04,0.11,17.6,1,0,0,2.4,2.4,0.09,-1.4,-1.4
378,393,379,Darwin Núñez,Liverpool,18.8,9,84,35,41.7,4.46,1.86,0.11,0.26,15.1,0,0,0,12.1,12.1,0.14,-3.1,-3.1
379,394,380,Ethan Nwaneri,Arsenal,0.0,0,0,0,,0.00,0.00,,,,0,0,0,0.0,0.0,,0.0,0.0
380,395,381,Christian Nørgaard,Brentford,19.6,1,19,8,42.1,0.97,0.41,0.05,0.13,11.4,0,0,0,1.6,1.6,0.08,-0.6,-0.6
381,396,382,Lewis O'Brien,Nott'ham Forest,6.5,1,7,2,28.6,1.08,0.31,0.14,0.50,23.8,0,0,0,0.3,0.3,0.05,+0.7,+0.7
382,397,383,Odeluga Offiah,Brighton,0.3,0,0,0,,0.00,0.00,,,,0,0,0,0.0,0.0,,0.0,0.0
383,398,384,Angelo Ogbonna,West Ham,13.7,0,3,0,0.0,0.22,0.00,0.00,,12.6,0,0,0,0.3,0.3,0.09,-0.3,-0.3
384,399,385,Michael Olise,Crystal Palace,30.5,2,51,14,27.5,1.67,0.46,0.04,0.14,21.1,7,0,0,2.9,2.9,0.06,-0.9,-0.9
385,400,386,Robin Olsen,Aston Villa,3.1,0,0,0,,0.00,0.00,,,,0,0,0,0.0,0.0,,0.0,0.0
386,401,387,Amadou Onana,Everton,27.6,1,34,6,17.6,1.23,0.22,0.03,0.17,16.8,0,0,0,3.0,3.0,0.09,-2.0,-2.0
387,402,388,Josh Onomah,Fulham,0.2,0,0,0,,0.00,0.00,,,,0,0,0,0.0,0.0,,0.0,0.0
388,403,389,Paul Onuachu,Southampton,4.5,0,11,5,45.5,2.43,1.11,0.00,0.00,14.2,0,0,0,1.3,1.3,0.12,-1.3,-1.3
389,404,390,Frank Onyeka,Brentford,9.4,0,9,4,44.4,0.96,0.42,0.00,0.00,17.4,0,0,0,1.0,1.0,0.11,-1.0,-1.0
390,405,391,Mislav Oršić,Southampton,0.1,0,0,0,,0.00,0.00,,,,0,0,0,0.0,0.0,,0.0,0.0
391,406,392,Stefan Ortega,Manchester City,3.0,0,0,0,,0.00,0.00,,,,0,0,0,0.0,0.0,,0.0,0.0
392,407,393,Dango Ouattara,Bournemouth,13.8,1,26,5,19.2,1.89,0.36,0.04,0.20,14.3,0,0,0,3.6,3.6,0.14,-2.6,-2.6
393,408,394,Alex Oxlade-Chamberlain,Liverpool,3.7,1,7,3,42.9,1.88,0.81,0.14,0.33,16.3,0,0,0,1.3,1.3,0.19,-0.3,-0.3
394,409,395,David Ozoh,Crystal Palace,0.0,0,0,0,,0.00,0.00,,,,0,0,0,0.0,0.0,,0.0,0.0
395,410,396,João Palhinha,Fulham,34.5,3,39,9,23.1,1.13,0.26,0.08,0.33,17.2,0,0,0,2.9,2.9,0.07,+0.1,+0.1
396,411,397,Cole Palmer,Manchester City,4.1,0,11,3,27.3,2.68,0.73,0.00,0.00,13.7,0,0,0,1.2,1.2,0.14,-1.2,-1.2
397,412,398,Emerson Palmieri,West Ham,14.7,1,11,5,45.5,0.75,0.34,0.09,0.20,14.5,0,0,0,0.8,0.8,0.07,+0.2,+0.2
398,413,399,Lucas Paquetá,West Ham,23.9,4,52,14,26.9,2.18,0.59,0.06,0.21,19.2,1,1,1,4.4,3.6,0.07,-0.4,-0.6
399,414,400,Thomas Partey,Arsenal,27.6,3,28,4,14.3,1.01,0.14,0.11,0.75,20.4,0,0,0,2.2,2.2,0.08,+0.8,+0.8
400,416,401,Nathan Patterson,Everton,14.2,0,8,1,12.5,0.56,0.07,0.00,0.00,18.2,0,0,0,0.5,0.5,0.06,-0.5,-0.5
401,417,402,Ben Pearson,Bournemouth,3.2,0,2,1,50.0,0.63,0.31,0.00,0.00,25.2,0,0,0,0.0,0.0,0.02,0.0,0.0
402,418,403,Facundo Pellistri,Manchester Utd,0.7,0,0,0,,0.00,0.00,,,,0,0,0,0.0,0.0,,0.0,0.0
403,419,404,Andreas Pereira,Fulham,29.9,4,61,22,36.1,2.04,0.74,0.05,0.14,21.3,12,1,1,7.3,6.5,0.11,-3.3,-3.5
404,420,405,Ricardo Pereira,Leicester City,5.0,1,2,1,50.0,0.40,0.20,0.50,1.00,17.8,0,0,0,0.1,0.1,0.06,+0.9,+0.9
405,421,406,Ayoze Pérez,Leicester City,4.2,0,8,2,25.0,1.88,0.47,0.00,0.00,15.9,0,0,0,1.1,1.1,0.14,-1.1,-1.1
406,422,407,Ivan Perišić,Tottenham,23.4,1,29,8,27.6,1.24,0.34,0.03,0.13,15.3,2,0,0,2.6,2.6,0.09,-1.6,-1.6
407,423,408,Romain Perraud,Southampton,20.4,2,30,6,20.0,1.47,0.29,0.07,0.33,22.3,0,0,0,1.3,1.3,0.04,+0.7,+0.7
408,424,409,Máximo Perrone,Manchester City,0.2,0,0,0,,0.00,0.00,,,,0,0,0,0.0,0.0,,0.0,0.0
409,425,410,Cameron Peupion,Brighton,0.1,0,1,0,0.0,15.00,0.00,0.00,,8.0,0,0,0,0.1,0.1,0.06,-0.1,-0.1
410,426,411,Kalvin Phillips,Manchester City,3.3,0,6,0,0.0,1.80,0.00,0.00,,22.9,0,0,0,0.3,0.3,0.05,-0.3,-0.3
411,427,412,Nathaniel Phillips,Liverpool,0.7,0,1,0,0.0,1.36,0.00,0.00,,10.8,0,0,0,0.0,0.0,0.04,0.0,0.0
412,428,413,Jordan Pickford,Everton,37.0,0,0,0,,0.00,0.00,,,,0,0,0,0.0,0.0,,0.0,0.0
413,429,414,Ethan Pinnock,Brentford,30.0,3,15,8,53.3,0.50,0.27,0.20,0.38,10.0,0,0,0,3.0,3.0,0.21,0.0,0.0
414,430,415,Daniel Podence,Wolves,19.7,6,43,17,39.5,2.19,0.86,0.14,0.35,16.5,0,0,0,3.9,3.9,0.09,+2.1,+2.1
415,431,416,Nick Pope,Newcastle Utd,36.2,0,0,0,,0.00,0.00,,,,0,0,0,0.0,0.0,,0.0,0.0
416,432,417,Pedro Porro,Tottenham,12.6,3,26,7,26.9,2.07,0.56,0.12,0.43,20.4,1,0,0,1.8,1.8,0.07,+1.2,+1.2
417,433,418,Dennis Praet,Leicester City,7.2,1,5,2,40.0,0.69,0.28,0.20,0.50,13.6,0,0,0,1.0,1.0,0.20,0.0,0.0
418,434,419,Isaac Price,Everton,0.4,0,0,0,,0.00,0.00,,,,0,0,0,0.0,0.0,,0.0,0.0
419,435,420,Christian Pulisic,Chelsea,9.1,1,19,6,31.6,2.08,0.66,0.05,0.17,16.8,0,0,0,1.7,1.7,0.09,-0.7,-0.7
420,436,421,Aaron Ramsdale,Arsenal,38.0,0,0,0,,0.00,0.00,,,,0,0,0,0.0,0.0,,0.0,0.0
421,437,422,Jacob Ramsey,Aston Villa,29.3,6,33,13,39.4,1.13,0.44,0.18,0.46,15.9,0,0,0,5.0,5.0,0.15,+1.0,+1.0
422,438,423,Marcus Rashford,Manchester Utd,32.0,17,108,49,45.4,3.38,1.53,0.16,0.35,16.4,7,0,0,15.4,15.4,0.15,+1.6,+1.6
423,439,424,David Raya,Brentford,38.0,0,1,0,0.0,0.03,0.00,0.00,,9.1,0,0,0,0.1,0.1,0.11,-0.1,-0.1
424,440,425,Tim Ream,Fulham,32.2,1,3,2,66.7,0.09,0.06,0.33,0.50,9.8,0,0,0,0.3,0.3,0.09,+0.7,+0.7
425,442,426,Nathan Redmond,Southampton,0.0,0,0,0,,0.00,0.00,,,,0,0,0,0.0,0.0,,0.0,0.0
426,443,427,Harrison Reed,Fulham,31.8,3,20,7,35.0,0.63,0.22,0.15,0.43,20.1,0,0,0,1.9,1.9,0.09,+1.1,+1.1
427,444,428,Bobby Reid,Fulham,27.5,4,31,10,32.3,1.13,0.36,0.13,0.40,13.7,0,0,0,3.9,3.9,0.13,+0.1,+0.1
428,445,429,Declan Rice,West Ham,36.4,4,35,8,22.9,0.96,0.22,0.11,0.50,23.6,1,0,1,2.4,1.6,0.05,+1.6,+2.4
429,446,430,Chris Richards,Crystal Palace,5.0,0,4,0,0.0,0.81,0.00,0.00,,9.1,0,0,0,0.7,0.7,0.18,-0.7,-0.7
430,447,431,Richarlison,Tottenham,11.2,1,27,14,51.9,2.41,1.25,0.04,0.07,12.6,0,0,0,3.3,3.3,0.12,-2.3,-2.3
431,448,432,Jaïro Riedewald,Crystal Palace,0.7,0,1,0,0.0,1.41,0.00,0.00,,14.7,0,0,0,0.1,0.1,0.07,-0.1,-0.1
432,449,433,Matt Ritchie,Newcastle Utd,0.4,0,0,0,,0.00,0.00,,,,0,0,0,0.0,0.0,,0.0,0.0
433,450,434,Andrew Robertson,Liverpool,28.7,0,13,2,15.4,0.45,0.07,0.00,0.00,14.5,0,0,0,1.3,1.3,0.11,-1.3,-1.3
434,451,435,Antonee Robinson,Fulham,34.3,0,3,0,0.0,0.09,0.00,0.00,,25.7,0,0,0,0.1,0.1,0.03,-0.1,-0.1
435,452,436,Joel Robles,Leeds United,4.0,0,0,0,,0.00,0.00,,,,0,0,0,0.0,0.0,,0.0,0.0
436,453,437,Marc Roca,Leeds United,25.7,1,35,13,37.1,1.36,0.51,0.03,0.08,22.3,4,0,0,2.1,2.1,0.06,-1.1,-1.1
437,454,438,Marek Rodák,Fulham,2.0,0,0,0,,0.00,0.00,,,,0,0,0,0.0,0.0,,0.0,0.0
438,455,439,Rodri,Manchester City,32.3,2,50,14,28.0,1.55,0.43,0.04,0.14,17.1,0,0,0,4.6,4.6,0.09,-2.6,-2.6
439,456,440,Rodrigo,Leeds United,21.5,13,66,25,37.9,3.07,1.16,0.18,0.48,15.8,2,1,1,8.1,7.3,0.11,+4.9,+4.7
440,457,441,Mads Roerslev,Brentford,12.3,0,3,0,0.0,0.24,0.00,0.00,,14.8,0,0,0,0.3,0.3,0.11,-0.3,-0.3
441,458,442,Cristian Romero,Tottenham,26.3,0,11,2,18.2,0.42,0.08,0.00,0.00,12.3,0,0,0,1.5,1.5,0.13,-1.5,-1.5
442,459,443,Oriol Romeu,Southampton,0.8,0,0,0,,0.00,0.00,,,,0,0,0,0.0,0.0,,0.0,0.0
443,460,444,Cristiano Ronaldo,Manchester Utd,5.8,1,25,6,24.0,4.29,1.03,0.04,0.17,17.7,1,0,0,1.9,1.9,0.08,-0.9,-0.9
444,461,445,Connor Ronan,Wolves,0.0,0,0,0,,0.00,0.00,,,,0,0,0,0.0,0.0,,0.0,0.0
445,462,446,Salomón Rondón,Everton,1.2,0,4,1,25.0,3.30,0.83,0.00,0.00,19.3,0,0,0,0.8,0.8,0.20,-0.8,-0.8
446,463,447,Joe Rothwell,Bournemouth,11.3,0,3,2,66.7,0.27,0.18,0.00,0.00,24.1,1,0,0,0.2,0.2,0.05,-0.2,-0.2
447,464,448,Georginio Rutter,Leeds United,3.0,0,4,0,0.0,1.32,0.00,0.00,,14.0,0,0,0,0.4,0.4,0.10,-0.4,-0.4
448,465,449,José Sá,Wolves,36.0,0,0,0,,0.00,0.00,,,,0,0,0,0.0,0.0,,0.0,0.0
449,466,450,Marcel Sabitzer,Manchester Utd,7.0,0,11,3,27.3,1.58,0.43,0.00,0.00,18.2,1,0,0,0.7,0.7,0.07,-0.7,-0.7
450,468,451,Allan Saint-Maximin,Newcastle Utd,12.4,1,28,11,39.3,2.25,0.88,0.04,0.09,17.6,0,0,0,1.6,1.6,0.06,-0.6,-0.6
451,469,452,Bukayo Saka,Arsenal,35.3,14,86,29,33.7,2.43,0.82,0.14,0.41,16.3,1,2,3,11.2,9.1,0.11,+2.8,+2.9
452,470,453,Mohamed Salah,Liverpool,36.6,19,121,45,37.2,3.31,1.23,0.14,0.38,15.1,2,2,4,21.7,18.5,0.15,-2.7,-1.5
453,471,454,William Saliba,Arsenal,26.8,2,6,3,50.0,0.22,0.11,0.33,0.67,13.8,0,0,0,0.9,0.9,0.15,+1.1,+1.1
454,472,455,Mohammed Salisu,Southampton,21.9,0,19,4,21.1,0.87,0.18,0.00,0.00,12.2,0,0,0,1.5,1.5,0.08,-1.5,-1.5
455,473,456,Albert Sambi Lokonga,Arsenal,2.2,0,0,0,,0.00,0.00,,,,0,0,0,0.0,0.0,,0.0,0.0
456,474,457,Albert Sambi Lokonga,Crystal Palace,6.0,0,2,1,50.0,0.34,0.17,0.00,0.00,17.9,0,0,0,0.2,0.2,0.08,-0.2,-0.2
457,475,458,Davinson Sánchez,Tottenham,9.5,0,6,2,33.3,0.63,0.21,0.00,0.00,12.2,0,0,0,0.6,0.6,0.11,-0.6,-0.6
458,476,459,Robert Sánchez,Brighton,23.0,0,0,0,,0.00,0.00,,,,0,0,0,0.0,0.0,,0.0,0.0
459,477,460,Jadon Sancho,Manchester Utd,18.7,6,21,9,42.9,1.12,0.48,0.29,0.67,14.1,0,0,0,4.2,4.2,0.20,+1.8,+1.8
460,478,461,Morgan Sanson,Aston Villa,0.1,0,0,0,,0.00,0.00,,,,0,0,0,0.0,0.0,,0.0,0.0
461,479,462,Pablo Sarabia,Wolves,8.5,1,20,5,25.0,2.35,0.59,0.05,0.20,14.8,1,0,0,3.1,3.1,0.15,-2.1,-2.1
462,480,463,Jeremy Sarmiento,Brighton,2.0,0,5,2,40.0,2.56,1.02,0.00,0.00,20.5,0,0,0,0.3,0.3,0.07,-0.3,-0.3
463,481,464,Gianluca Scamacca,West Ham,10.3,3,30,10,33.3,2.92,0.97,0.10,0.30,18.7,1,0,0,2.5,2.5,0.08,+0.5,+0.5
464,482,465,Gustavo Scarpa,Nott'ham Forest,2.0,0,7,1,14.3,3.48,0.50,0.00,0.00,26.9,0,0,0,0.3,0.3,0.04,-0.3,-0.3
465,483,466,Kevin Schade,Brentford,8.1,0,12,4,33.3,1.48,0.49,0.00,0.00,11.9,0,0,0,2.1,2.1,0.18,-2.1,-2.1
466,484,467,Fabian Schär,Newcastle Utd,35.6,1,56,14,25.0,1.57,0.39,0.02,0.07,14.4,3,0,0,4.9,4.9,0.09,-3.9,-3.9
467,485,468,Jeffrey Schlupp,Crystal Palace,28.1,3,28,9,32.1,1.00,0.32,0.11,0.33,17.5,0,0,0,3.2,3.2,0.12,-0.2,-0.2
468,486,469,Nélson Semedo,Wolves,29.2,0,9,0,0.0,0.31,0.00,0.00,,20.5,0,0,0,0.4,0.4,0.05,-0.4,-0.4
469,487,470,Antoine Semenyo,Bournemouth,2.9,1,3,1,33.3,1.05,0.35,0.33,1.00,17.2,0,0,0,0.3,0.3,0.09,+0.7,+0.7
470,488,471,Marcos Senesi,Bournemouth,27.7,2,8,2,25.0,0.29,0.07,0.25,1.00,9.1,0,0,0,1.6,1.6,0.20,+0.4,+0.4
471,489,472,Ryan Sessegnon,Tottenham,9.0,2,18,6,33.3,1.99,0.66,0.11,0.33,14.6,0,0,0,1.6,1.6,0.09,+0.4,+0.4
472,490,473,Luke Shaw,Manchester Utd,28.4,1,14,4,28.6,0.49,0.14,0.07,0.25,18.7,1,0,0,1.1,1.1,0.08,-0.1,-0.1
473,491,474,Jonjo Shelvey,Newcastle Utd,0.4,0,0,0,,0.00,0.00,,,,0,0,0,0.0,0.0,,0.0,0.0
474,492,475,Jonjo Shelvey,Nott'ham Forest,6.0,0,6,0,0.0,1.00,0.00,0.00,,24.4,0,0,0,0.2,0.2,0.03,-0.2,-0.2
475,494,476,Bernardo Silva,Manchester City,24.5,4,25,9,36.0,1.02,0.37,0.16,0.44,18.1,0,0,0,2.2,2.2,0.09,+1.8,+1.8
476,495,477,Thiago Silva,Chelsea,26.1,0,15,2,13.3,0.57,0.08,0.00,0.00,13.0,0,0,0,1.5,1.5,0.10,-1.5,-1.5
477,496,478,Ellis Simms,Everton,2.5,1,8,1,12.5,3.16,0.39,0.13,1.00,16.1,0,0,0,0.9,0.9,0.11,+0.1,+0.1
478,497,479,Luis Sinisterra,Leeds United,9.6,5,28,11,39.3,2.91,1.14,0.18,0.45,16.2,0,0,0,3.7,3.7,0.13,+1.3,+1.3
479,498,480,Oliver Skipp,Tottenham,16.6,1,7,3,42.9,0.42,0.18,0.14,0.33,23.2,0,0,0,0.3,0.3,0.04,+0.7,+0.7
480,499,481,Adam Smith,Bournemouth,32.7,0,5,1,20.0,0.15,0.03,0.00,0.00,16.2,0,0,0,0.5,0.5,0.10,-0.5,-0.5
481,500,482,Emile Smith Rowe,Arsenal,1.9,0,4,1,25.0,2.09,0.52,0.00,0.00,15.8,0,0,0,0.3,0.3,0.07,-0.3,-0.3
482,501,483,Cédric Soares,Arsenal,0.3,0,0,0,,0.00,0.00,,,,0,0,0,0.0,0.0,,0.0,0.0
483,502,484,Cédric Soares,Fulham,2.2,0,2,0,0.0,0.91,0.00,0.00,,25.4,0,0,0,0.1,0.1,0.03,-0.1,-0.1
484,503,485,Dominic Solanke,Bournemouth,31.8,6,76,28,36.8,2.39,0.88,0.08,0.21,12.8,0,0,0,9.1,9.1,0.12,-3.1,-3.1
485,504,486,Manor Solomon,Fulham,6.4,4,11,7,63.6,1.73,1.10,0.36,0.57,19.9,0,0,0,1.2,1.2,0.11,+2.8,+2.8
486,505,487,Tomáš Souček,West Ham,31.3,2,34,13,38.2,1.09,0.42,0.06,0.15,10.8,0,0,0,4.0,4.0,0.12,-2.0,-2.0
487,506,488,Boubakary Soumaré,Leicester City,18.1,0,1,0,0.0,0.06,0.00,0.00,,28.0,0,0,0,0.0,0.0,0.03,0.0,0.0
488,507,489,Harry Souttar,Leicester City,11.0,0,8,1,12.5,0.73,0.09,0.00,0.00,9.6,0,0,0,1.4,1.4,0.18,-1.4,-1.4
489,508,490,Çağlar Söyüncü,Leicester City,5.9,1,5,2,40.0,0.85,0.34,0.20,0.50,9.5,0,0,0,0.4,0.4,0.08,+0.6,+0.6
490,509,491,Djed Spence,Tottenham,0.1,0,1,0,0.0,12.86,0.00,0.00,,8.9,0,0,0,0.1,0.1,0.06,-0.1,-0.1
491,510,492,Jack Stacey,Bournemouth,3.3,0,1,0,0.0,0.30,0.00,0.00,,16.0,0,0,0,0.1,0.1,0.09,-0.1,-0.1
492,511,493,Junior Stanislas,Bournemouth,0.7,0,1,0,0.0,1.48,0.00,0.00,,24.5,0,0,0,0.0,0.0,0.04,0.0,0.0
493,512,494,Jay Stansfield,Fulham,1.0,0,2,0,0.0,2.07,0.00,0.00,,13.9,0,0,0,0.3,0.3,0.13,-0.3,-0.3
494,513,495,Jason Steele,Brighton,15.0,0,0,0,,0.00,0.00,,,,0,0,0,0.0,0.0,,0.0,0.0
495,514,496,Jack Stephens,Southampton,0.5,0,0,0,,0.00,0.00,,,,0,0,0,0.0,0.0,,0.0,0.0
496,515,497,Jack Stephens,Bournemouth,13.0,0,2,1,50.0,0.15,0.08,0.00,0.00,5.2,0,0,0,0.4,0.4,0.20,-0.4,-0.4
497,516,498,Raheem Sterling,Chelsea,21.0,6,42,16,38.1,2.00,0.76,0.14,0.38,13.6,0,0,0,6.2,6.2,0.15,-0.2,-0.2
498,517,499,John Stones,Manchester City,20.5,2,11,3,27.3,0.54,0.15,0.18,0.67,13.4,0,0,0,1.0,1.0,0.10,+1.0,+1.0
499,518,500,Pascal Struijk,Leeds United,24.4,2,16,7,43.8,0.65,0.29,0.13,0.29,13.4,0,0,0,1.4,1.4,0.09,+0.6,+0.6
500,520,501,Kamaldeen Sulemana,Southampton,10.7,2,24,7,29.2,2.24,0.65,0.08,0.29,18.8,0,0,0,1.7,1.7,0.07,+0.3,+0.3
501,521,502,Crysencio Summerville,Leeds United,15.8,4,29,9,31.0,1.83,0.57,0.14,0.44,15.3,0,0,0,2.9,2.9,0.10,+1.1,+1.1
502,522,503,Sam Surridge,Nott'ham Forest,3.6,1,9,2,22.2,2.51,0.56,0.11,0.50,11.6,0,0,0,1.8,1.8,0.20,-0.8,-0.8
503,523,504,Japhet Tanganga,Tottenham,1.6,0,0,0,,0.00,0.00,,,,0,0,0,0.0,0.0,,0.0,0.0
504,524,505,Matt Targett,Newcastle Utd,6.8,0,1,0,0.0,0.15,0.00,0.00,,25.8,0,0,0,0.0,0.0,0.01,0.0,0.0
505,525,506,James Tarkowski,Everton,38.0,1,32,9,28.1,0.84,0.24,0.03,0.11,9.0,0,0,0,3.1,3.1,0.10,-2.1,-2.1
506,526,507,Marcus Tavernier,Bournemouth,19.4,5,37,14,37.8,1.91,0.72,0.14,0.36,17.3,2,0,0,3.1,3.1,0.09,+1.9,+1.9
507,527,508,Tetê,Leicester City,8.2,1,15,1,6.7,1.84,0.12,0.07,1.00,19.8,0,0,0,1.8,1.8,0.12,-0.8,-0.8
508,528,509,Kenny Tete,Fulham,28.5,1,13,5,38.5,0.46,0.18,0.08,0.20,18.9,0,0,0,0.7,0.7,0.05,+0.3,+0.3
509,529,510,Luke Thomas,Leicester City,11.9,0,3,0,0.0,0.25,0.00,0.00,,16.6,0,0,0,0.1,0.1,0.03,-0.1,-0.1
510,530,511,Youri Tielemans,Leicester City,26.0,3,29,8,27.6,1.11,0.31,0.07,0.25,27.7,1,1,2,2.5,0.9,0.03,+0.5,+1.1
511,531,512,Kieran Tierney,Arsenal,8.8,0,7,2,28.6,0.79,0.23,0.00,0.00,23.1,0,0,0,0.3,0.3,0.05,-0.3,-0.3
512,532,513,Harry Toffolo,Nott'ham Forest,10.4,0,6,2,33.3,0.57,0.19,0.00,0.00,17.6,0,0,0,0.3,0.3,0.05,-0.3,-0.3
513,533,514,Takehiro Tomiyasu,Arsenal,7.4,0,3,0,0.0,0.41,0.00,0.00,,12.1,0,0,0,0.2,0.2,0.07,-0.2,-0.2
514,534,515,James Tomkins,Crystal Palace,3.8,1,3,2,66.7,0.80,0.53,0.33,0.50,12.7,0,0,0,1.0,1.0,0.34,0.0,0.0
515,535,516,Ivan Toney,Brentford,32.8,20,87,33,37.9,2.65,1.01,0.16,0.42,16.5,9,6,7,18.7,13.2,0.15,+1.3,+0.8
516,536,517,Adama Traoré,Wolves,16.6,2,19,7,36.8,1.14,0.42,0.11,0.29,15.0,0,0,0,1.4,1.4,0.07,+0.6,+0.6
517,537,518,Bertrand Traoré,Aston Villa,2.6,2,9,3,33.3,3.48,1.16,0.22,0.67,16.4,0,0,0,0.7,0.7,0.08,+1.3,+1.3
518,538,519,Boubacar Traoré,Wolves,4.6,0,3,0,0.0,0.66,0.00,0.00,,29.3,0,0,0,0.1,0.1,0.02,-0.1,-0.1
519,539,520,Mark Travers,Bournemouth,11.5,0,0,0,,0.00,0.00,,,,0,0,0,0.0,0.0,,0.0,0.0
520,540,521,Kieran Trippier,Newcastle Utd,37.1,1,14,4,28.6,0.38,0.11,0.07,0.25,27.1,12,0,0,0.9,0.9,0.06,+0.1,+0.1
521,541,522,Leandro Trossard,Arsenal,10.3,1,17,5,29.4,1.64,0.48,0.06,0.20,17.5,0,0,0,1.8,1.8,0.11,-0.8,-0.8
522,542,523,Leandro Trossard,Brighton,14.6,7,38,17,44.7,2.60,1.16,0.18,0.41,15.0,0,0,0,4.4,4.4,0.12,+2.6,+2.6
523,543,524,Kostas Tsimikas,Liverpool,8.6,0,7,2,28.6,0.82,0.23,0.00,0.00,15.5,0,0,0,0.6,0.6,0.09,-0.6,-0.6
524,544,525,Deniz Undav,Brighton,7.0,5,27,12,44.4,3.87,1.72,0.19,0.42,13.8,0,0,0,4.5,4.5,0.18,+0.5,+0.5
525,546,526,Yan Valery,Southampton,0.5,0,0,0,,0.00,0.00,,,,0,0,0,0.0,0.0,,0.0,0.0
526,547,527,Virgil van Dijk,Liverpool,31.5,3,30,9,30.0,0.95,0.29,0.10,0.33,12.8,0,0,0,2.6,2.6,0.09,+0.4,+0.4
527,548,528,Raphaël Varane,Manchester Utd,21.2,0,8,4,50.0,0.38,0.19,0.00,0.00,11.6,0,0,0,0.7,0.7,0.09,-0.7,-0.7
528,549,529,Jamie Vardy,Leicester City,20.6,3,27,13,48.1,1.31,0.63,0.11,0.23,12.3,0,0,1,6.7,5.9,0.22,-3.7,-2.9
529,550,530,Joël Veltman,Brighton,24.3,1,15,5,33.3,0.62,0.21,0.07,0.20,16.3,0,0,0,1.8,1.8,0.12,-0.8,-0.8
530,551,531,Fabio Vieira,Arsenal,5.7,1,15,2,13.3,2.63,0.35,0.07,0.50,20.1,0,0,0,0.8,0.8,0.06,+0.2,+0.2
531,552,532,Matías Viña,Bournemouth,5.1,2,9,6,66.7,1.77,1.18,0.22,0.33,18.6,0,0,0,0.9,0.9,0.10,+1.1,+1.1
532,553,533,Rúben Vinagre,Everton,0.3,0,0,0,,0.00,0.00,,,,0,0,0,0.0,0.0,,0.0,0.0
533,554,534,Carlos Vinícius,Fulham,12.3,5,21,12,57.1,1.70,0.97,0.24,0.42,11.9,0,0,0,3.3,3.3,0.16,+1.7,+1.7
534,555,535,Theo Walcott,Southampton,12.5,2,20,7,35.0,1.59,0.56,0.10,0.29,16.9,0,0,0,2.2,2.2,0.11,-0.2,-0.2
535,556,536,Kyle Walker,Manchester City,21.8,0,5,1,20.0,0.23,0.05,0.00,0.00,24.8,0,0,0,0.4,0.4,0.08,-0.4,-0.4
536,557,537,Kyle Walker-Peters,Southampton,29.4,1,13,5,38.5,0.44,0.17,0.08,0.20,18.1,0,0,0,1.0,1.0,0.08,0.0,0.0
537,558,538,Aaron Wan-Bissaka,Manchester Utd,15.9,0,10,2,20.0,0.63,0.13,0.00,0.00,14.7,0,0,0,1.2,1.2,0.12,-1.2,-1.2
538,559,539,Danny Ward,Leicester City,26.0,0,0,0,,0.00,0.00,,,,0,0,0,0.0,0.0,,0.0,0.0
539,560,540,Joel Ward,Crystal Palace,25.1,1,8,2,25.0,0.32,0.08,0.13,0.50,16.5,0,0,0,1.1,1.1,0.19,-0.1,-0.1
540,561,541,James Ward-Prowse,Southampton,37.5,9,40,16,40.0,1.07,0.43,0.18,0.44,27.1,17,2,4,5.7,2.5,0.06,+3.3,+4.5
541,562,542,Ollie Watkins,Aston Villa,34.7,15,84,45,53.6,2.42,1.30,0.17,0.31,12.6,0,1,2,16.5,14.9,0.18,-1.5,-0.9
542,563,543,Adam Webster,Brighton,22.1,0,18,2,11.1,0.82,0.09,0.00,0.00,11.2,0,0,0,1.8,1.8,0.10,-1.8,-1.8
543,564,544,Wout Weghorst,Manchester Utd,8.9,0,14,5,35.7,1.58,0.56,0.00,0.00,12.5,0,0,0,2.0,2.0,0.14,-2.0,-2.0
544,565,545,Danny Welbeck,Brighton,20.6,6,62,22,35.5,3.01,1.07,0.10,0.27,14.1,1,0,0,9.4,9.4,0.15,-3.4,-3.4
545,566,546,Ben White,Arsenal,33.9,2,10,2,20.0,0.29,0.06,0.20,1.00,16.7,0,0,0,1.3,1.3,0.13,+0.7,+0.7
546,567,547,Harvey White,Tottenham,0.1,0,0,0,,0.00,0.00,,,,0,0,0,0.0,0.0,,0.0,0.0
547,568,548,Joseph Whitworth,Crystal Palace,2.0,0,0,0,,0.00,0.00,,,,0,0,0,0.0,0.0,,0.0,0.0
548,569,549,Neco Williams,Nott'ham Forest,20.9,1,25,7,28.0,1.20,0.33,0.04,0.14,21.2,2,0,0,1.3,1.3,0.05,-0.3,-0.3
549,570,550,Willian,Fulham,23.6,5,41,17,41.5,1.74,0.72,0.12,0.29,18.8,3,0,0,3.4,3.4,0.08,+1.6,+1.6
550,572,551,Joe Willock,Newcastle Utd,28.4,3,58,16,27.6,2.04,0.56,0.05,0.19,16.9,0,0,0,7.0,7.0,0.12,-4.0,-4.0
551,573,552,Callum Wilson,Newcastle Utd,20.9,18,70,31,44.3,3.36,1.49,0.21,0.48,12.4,0,3,3,17.5,15.1,0.22,+0.5,-0.1
552,574,553,Harry Wilson,Fulham,12.2,2,18,4,22.2,1.47,0.33,0.11,0.50,16.0,1,0,0,2.0,2.0,0.11,0.0,0.0
553,575,554,Yoane Wissa,Brentford,17.8,7,32,15,46.9,1.79,0.84,0.22,0.47,14.1,0,0,0,5.6,5.6,0.18,+1.4,+1.4
554,576,555,Maximilian Wöber,Leeds United,14.1,0,9,2,22.2,0.64,0.14,0.00,0.00,13.3,1,0,0,0.7,0.7,0.08,-0.7,-0.7
555,577,556,Chris Wood,Newcastle Utd,5.0,2,8,3,37.5,1.61,0.61,0.13,0.33,14.7,0,1,1,1.8,1.0,0.13,+0.2,0.0
556,578,557,Chris Wood,Nott'ham Forest,4.1,1,3,1,33.3,0.73,0.24,0.33,1.00,8.2,0,0,0,1.0,1.0,0.32,0.0,0.0
557,579,558,Joe Worrall,Nott'ham Forest,24.7,1,7,2,28.6,0.28,0.08,0.14,0.50,12.2,0,0,0,0.8,0.8,0.11,+0.2,+0.2
558,580,559,Granit Xhaka,Arsenal,33.3,7,40,14,35.0,1.20,0.42,0.18,0.50,16.6,3,0,0,4.7,4.7,0.12,+2.3,+2.3
559,581,560,Ryan Yates,Nott'ham Forest,20.4,0,26,5,19.2,1.27,0.24,0.00,0.00,16.8,0,0,0,2.3,2.3,0.09,-2.3,-2.3
560,582,561,Ashley Young,Aston Villa,22.6,1,15,3,20.0,0.66,0.13,0.07,0.33,25.1,0,0,0,0.5,0.5,0.03,+0.5,+0.5
561,583,562,Illia Zabarnyi,Bournemouth,3.3,0,0,0,,0.00,0.00,,,,0,0,0,0.0,0.0,,0.0,0.0
562,584,563,Wilfried Zaha,Crystal Palace,25.4,7,64,21,32.8,2.52,0.83,0.11,0.33,16.8,0,0,2,6.5,4.8,0.08,+0.5,+2.2
563,585,564,Denis Zakaria,Chelsea,4.6,0,2,0,0.0,0.44,0.00,0.00,,16.9,0,0,0,0.2,0.2,0.09,-0.2,-0.2
564,586,565,Jordan Zemura,Bournemouth,16.2,0,4,0,0.0,0.25,0.00,0.00,,12.9,0,0,0,0.4,0.4,0.10,-0.4,-0.4
565,587,566,Oleksandr Zinchenko,Arsenal,23.5,1,28,7,25.0,1.19,0.30,0.04,0.14,22.7,0,0,0,1.4,1.4,0.05,-0.4,-0.4
566,588,567,Hakim Ziyech,Chelsea,7.3,0,16,3,18.8,2.18,0.41,0.00,0.00,22.7,0,0,0,0.6,0.6,0.04,-0.6,-0.6
567,589,568,Kurt Zouma,West Ham,22.1,2,19,5,26.3,0.86,0.23,0.11,0.40,10.1,0,0,0,2.2,2.2,0.12,-0.2,-0.2
568,590,569,Martin Ødegaard,Arsenal,34.7,15,93,31,33.3,2.68,0.89,0.16,0.48,19.2,9,0,0,10.0,10.0,0.11,+5.0,+5.0
